Checking canister
Checking canister_app
Checking canister_config
Checking canister_exp
Checking canister_log
Checking canister_resync
Checking canister_sup
Checking canister_sync
Checking cf
Checking cf_term
Checking cowboy
Checking cowboy_app
Checking cowboy_bstr
Checking cowboy_children
Checking cowboy_clear
Checking cowboy_clock
Checking cowboy_compress_h
Checking cowboy_constraints
Checking cowboy_handler
Checking cowboy_http
Checking cowboy_http2
Checking cowboy_loop
Checking cowboy_metrics_h
Checking cowboy_middleware
Checking cowboy_req
Checking cowboy_rest
Checking cowboy_router
Checking cowboy_static
Checking cowboy_stream
Checking cowboy_stream_h
Checking cowboy_sub_protocol
Checking cowboy_sup
Checking cowboy_tls
Checking cowboy_tracer_h
Checking cowboy_websocket
Checking ds
Checking ds_syntax
Checking ds_util
Checking erlang_ds
Checking erlang_ds_builder
Checking erlang_ds_dict
Checking erlang_ds_prv
Checking erlang_ds_qdate_updaters
Checking erlang_ds_register
Checking erlang_ds_type_handler
Checking ec_assoc_list
Checking ec_cmd_log
Checking ec_cnv
Checking ec_compile
Checking ec_date
Checking ec_dict
Checking ec_dictionary
Checking ec_file
Checking ec_gb_trees
Checking ec_git_vsn
Checking ec_lists
Checking ec_orddict
Checking ec_plists
Checking ec_rbdict
Checking ec_semver
Checking ec_semver_parser
Checking ec_talk
Checking ec_vsn
Checking mutagen
Checking mutagen_app
Checking mutagen_sup
Checking nitro_cache
Checking nitro_cache_app
Checking nitro_cache_expirer
Checking nitro_cache_sup
Checking action_add_class
Checking action_add_option
Checking action_alert
Checking action_animate
Checking action_api
Checking action_appear
Checking action_before_postback
Checking action_buttonize
Checking action_clear_validation
Checking action_click
Checking action_comet
Checking action_confirm
Checking action_console_log
Checking action_continue
Checking action_disable
Checking action_disable_selection
Checking action_effect
Checking action_enable
Checking action_event
Checking action_fade
Checking action_function
Checking action_hide
Checking action_if_checked
Checking action_if_value
Checking action_jquery_effect
Checking action_js_fun
Checking action_make_readonly
Checking action_make_writable
Checking action_open_window
Checking action_redirect
Checking action_remove_class
Checking action_remove_option
Checking action_script
Checking action_set
Checking action_set_cookie
Checking action_set_multiple
Checking action_show
Checking action_slide_down
Checking action_slide_up
Checking action_toggle
Checking action_toggle_option
Checking action_update
Checking action_validate
Checking action_validation_error
Checking action_wire
Checking element_button
Checking element_checkbox
Checking element_date_dropdown
Checking element_datepicker_textbox
Checking element_dropdown
Checking element_hidden
Checking element_inplace
Checking element_inplace_textarea
Checking element_inplace_textbox
Checking element_label
Checking element_password
Checking element_radio
Checking element_radiogroup
Checking element_range
Checking element_restful_form
Checking element_restful_reset
Checking element_restful_submit
Checking element_restful_upload
Checking element_textarea
Checking element_textbox
Checking element_textbox_autocomplete
Checking element_upload
Checking element_wizard
Checking element_basic_tag
Checking element_br
Checking element_email_link
Checking element_hr
Checking element_image
Checking element_link
Checking element_list
Checking element_listitem
Checking element_literal
Checking element_time
Checking element_value
Checking element_fieldset
Checking element_grid
Checking element_grid_960
Checking element_lightbox
Checking element_placeholder
Checking element_template
Checking element_bind
Checking element_calendar
Checking element_delay_body
Checking element_draggable
Checking element_droppable
Checking element_file
Checking element_flash
Checking element_function
Checking element_google_chart
Checking element_gravatar
Checking element_icon
Checking element_iframe
Checking element_mermaid
Checking element_progress_bar
Checking element_qr
Checking element_recaptcha
Checking element_sortblock
Checking element_sortitem
Checking element_sparkline
Checking element_spinner
Checking element_sync_panel
Checking element_video
Checking element_youtube
Checking element_singlerow
Checking element_table
Checking element_tablecell
Checking element_tableheader
Checking element_tablerow
Checking cache_handler
Checking default_cache_handler
Checking config_handler
Checking default_config_handler
Checking crash_handler
Checking debug_crash_handler
Checking default_crash_handler
Checking default_identity_handler
Checking identity_handler
Checking default_log_handler
Checking log_handler
Checking nitrogen_basic_handler
Checking nitrogen_standard_handler
Checking default_postback_handler
Checking postback_handler
Checking gproc_registry_handler
Checking nprocreg_registry_handler
Checking process_registry_handler
Checking default_query_handler
Checking query_handler
Checking default_role_handler
Checking role_handler
Checking dynamic_route_handler
Checking file_not_found_page
Checking named_route_handler
Checking nitrogen_rest
Checking nitrogen_smart_extensions
Checking passthrough_route_handler
Checking route_handler
Checking default_security_handler
Checking http_basic_auth_security_handler
Checking security_handler
Checking canister_session_handler
Checking session_handler
Checking simple_session_handler
Checking default_state_handler
Checking state_handler
Checking default_websocket_handler
Checking websocket_handler
Checking nitro_mochijson2
Checking nitro_mochinum
Checking wf_action_queue
Checking wf_context
Checking wf_convert
Checking wf_cookies
Checking wf_event
Checking wf_fastmap
Checking wf_fastmap_worker
Checking wf_grid_system
Checking wf_handler
Checking wf_pandoc
Checking wf_pickle
Checking wf_render_actions
Checking wf_render_elements
Checking wf_security_policy
Checking wf_tags
Checking wf_test
Checking wf_test_srv
Checking wf_utils
Checking wf_validation
Checking nitrogen
Checking nitrogen_dev
Checking validator_confirm_password
Checking validator_confirm_same
Checking validator_custom
Checking validator_is_email
Checking validator_is_integer
Checking validator_is_number
Checking validator_is_required
Checking validator_js_custom
Checking validator_max_length
Checking validator_min_length
Checking wf
Checking wf_core
Checking nprocreg
Checking nprocreg_app
Checking nprocreg_sup
Checking qdate
Checking qdate_app
Checking qdate_srv
Checking qdate_sup
Checking ranch
Checking ranch_acceptor
Checking ranch_acceptors_sup
Checking ranch_app
Checking ranch_conns_sup
Checking ranch_crc32c
Checking ranch_listener_sup
Checking ranch_protocol
Checking ranch_proxy_header
Checking ranch_server
Checking ranch_ssl
Checking ranch_sup
Checking ranch_tcp
Checking ranch_transport
Checking rekt
Checking cowboy_request_server
Checking cowboy_simple_bridge
Checking cowboy_simple_bridge_anchor
Checking cowboy_simple_bridge_sup
Checking inets_simple_bridge
Checking inets_simple_bridge_anchor
Checking inets_simple_bridge_sup
Checking mochiweb_simple_bridge
Checking mochiweb_simple_bridge_anchor
Checking mochiweb_simple_bridge_sup
Checking sb_file_upload_handler
Checking sb_uploaded_file
Checking sbw
Checking simple_bridge
Checking simple_bridge_app
Checking simple_bridge_handler
Checking simple_bridge_handler_sample
Checking simple_bridge_multipart
Checking simple_bridge_util
Checking simple_bridge_websocket
Checking webmachine_simple_bridge
Checking webmachine_simple_bridge_anchor
Checking webmachine_simple_bridge_static
Checking webmachine_simple_bridge_sup
Checking yaws_simple_bridge
Checking yaws_simple_bridge_anchor
Checking yaws_simple_bridge_sup
Checking sync
Checking sync_notify
Checking sync_options
Checking sync_scanner
Checking sync_utils
Checking hex_api
Checking hex_api_auth
Checking hex_api_key
Checking hex_api_organization
Checking hex_api_organization_member
Checking hex_api_package
Checking hex_api_package_owner
Checking hex_api_release
Checking hex_api_user
Checking hex_core
Checking hex_erl_tar
Checking hex_filename
Checking hex_http
Checking hex_http_httpc
Checking hex_licenses
Checking hex_pb_names
Checking hex_pb_package
Checking hex_pb_signed
Checking hex_pb_versions
Checking hex_registry
Checking hex_repo
Checking hex_tarball
Checking safe_erl_term
Checking pc
Checking pc_compilation
Checking pc_port_env
Checking pc_port_specs
Checking pc_prv_clean
Checking pc_prv_compile
Checking pc_util
Checking index
Checking nitrogen_main_handler
Checking nnote_app
Checking nnote_sup
Checking getopt
Checking provider
Checking providers
Checking providers_topo
Checking element_table
Checking wf_security_policy
Checking action_click
Checking wf_render_elements
Checking validator_custom
Checking element_time
Checking element_checkbox
Checking wf_convert
Checking element_progress_bar
Checking element_image
Checking log_handler
Checking element_button
Checking element_range
Checking element_value
Checking sbw
Checking http_basic_auth_security_handler
Checking inets_simple_bridge
Checking nprocreg
Checking cache_handler
Checking simple_bridge_handler
Checking element_placeholder
Checking simple_bridge_multipart
Checking element_datepicker_textbox
Checking action_if_value
Checking default_log_handler
Checking element_delay_body
Checking element_radiogroup
Checking default_state_handler
Checking session_handler
Checking validator_confirm_same
Checking element_sync_panel
Checking action_redirect
Checking element_email_link
Checking element_inplace_textarea
Checking index
Checking validator_is_number
Checking wf
Checking file_not_found_page
Checking element_bind
Checking action_remove_class
Checking nitro_cache
Checking security_handler
Checking role_handler
Checking element_inplace_textbox
Checking action_set
Checking ec_cmd_log
Checking action_appear
Checking action_api
Checking dynamic_route_handler
Checking element_hr
Checking element_function
Checking element_gravatar
Checking wf_core
Checking action_set_multiple
Checking action_function
Checking simple_bridge_websocket
Checking action_alert
Checking element_dropdown
Checking default_config_handler
Checking element_textbox
Checking action_before_postback
Checking action_toggle_option
Checking nitrogen_rest
Checking element_password
Checking validator_max_length
Checking action_js_fun
Checking element_video
Checking element_mermaid
Checking simple_bridge
Checking element_grid_960
Checking element_file
Checking cowboy_simple_bridge_sup
Checking action_clear_validation
Checking mochiweb_simple_bridge_anchor
Checking element_textarea
Checking element_restful_submit
Checking postback_handler
Checking element_radio
Checking element_inplace
Checking action_event
Checking element_icon
Checking action_make_writable
Checking wf_utils
Checking element_droppable
Checking route_handler
Checking default_cache_handler
Checking element_label
Checking default_security_handler
Checking element_tablecell
Checking sb_uploaded_file
Checking element_grid
Checking wf_pickle
Checking query_handler
Checking element_youtube
Checking element_sortblock
Checking action_console_log
Checking action_validation_error
Checking element_google_chart
Checking action_animate
Checking action_hide
Checking default_websocket_handler
Checking element_list
Checking named_route_handler
Checking element_wizard
Checking action_remove_option
Checking action_comet
Checking action_wire
Checking action_buttonize
Checking action_open_window
Checking action_add_class
Checking action_disable_selection
Checking element_fieldset
Checking webmachine_simple_bridge_static
Checking element_restful_upload
Checking action_enable
Checking default_crash_handler
Checking action_slide_up
Checking validator_is_required
Checking wf_action_queue
Checking action_add_option
Checking nitro_cache_expirer
Checking element_calendar
Checking mochiweb_simple_bridge
Checking action_slide_down
Checking action_make_readonly
Checking webmachine_simple_bridge
Checking element_sortitem
Checking element_link
Checking validator_is_email
Checking action_fade
Checking element_draggable
Checking cowboy_simple_bridge
Checking element_restful_form
Checking config_handler
Checking element_template
Checking element_br
Checking element_upload
Checking wf_handler
Checking validator_js_custom
Checking element_textbox_autocomplete
Checking crash_handler
Checking action_if_checked
Checking element_qr
Checking element_hidden
Checking element_date_dropdown
Checking action_continue
Checking element_literal
Checking element_listitem
Checking hex_erl_tar
Checking action_validate
Checking simple_bridge_util
Checking process_registry_handler
Checking action_jquery_effect
Checking providers
Checking gproc_registry_handler
Checking wf_test
Checking action_set_cookie
Checking element_tablerow
Checking passthrough_route_handler
Checking default_postback_handler
Checking element_tableheader
Checking wf_cookies
Checking element_restful_reset
Checking action_show
Checking action_toggle
Checking debug_crash_handler
Checking wf_validation
Checking element_spinner
Checking wf_fastmap
Checking element_singlerow
Checking wf_render_actions
Checking wf_test_srv
Checking identity_handler
Checking default_query_handler
Checking canister
Checking action_disable
Checking validator_min_length
Checking canister_session_handler
Checking action_update
Checking wf_event
Checking action_effect
Checking wf_context
Checking element_lightbox
Checking wf_tags
Checking validator_confirm_password
Checking hex_http
Checking cowboy_request_server
Checking webmachine_simple_bridge_anchor
Checking simple_session_handler
Checking websocket_handler
Checking state_handler
Checking action_confirm
Checking nprocreg_registry_handler
Checking validator_is_integer
Checking element_flash
Checking element_basic_tag
Checking action_script
Checking wf_pandoc
Checking element_sparkline
Checking element_iframe
Checking yaws_simple_bridge
Checking element_recaptcha
Checking cow_base64url
Checking cow_cookie
Checking cow_date
Checking cow_hpack
Checking cow_http
Checking cow_http2
Checking cow_http2_machine
Checking cow_http_hd
Checking cow_http_struct_hd
Checking cow_http_te
Checking cow_iolists
Checking cow_link
Checking cow_mimetypes
Checking cow_multipart
Checking cow_qs
Checking cow_spdy
Checking cow_sse
Checking cow_uri
Checking cow_uri_template
Checking cow_ws
Checking cowboy_http
Checking cow_cookie
Checking cow_hpack
Checking cow_http
Checking cow_http_hd
Checking cow_http_struct_hd
Checking cow_http_te
Checking cow_link
Checking cow_multipart
Checking cow_spdy
Checking cow_uri_template
Checking bcrypt
Checking bcrypt_app
Checking bcrypt_nif
Checking bcrypt_nif_pool_sup
Checking bcrypt_nif_worker
Checking bcrypt_pool
Checking bcrypt_port
Checking bcrypt_port_sup
Checking bcrypt_sup
Checking canister
Checking canister_app
Checking canister_config
Checking canister_exp
Checking canister_log
Checking canister_resync
Checking canister_sup
Checking canister_sync
Checking cf
Checking cf_term
Checking cowboy
Checking cowboy_app
Checking cowboy_bstr
Checking cowboy_children
Checking cowboy_clear
Checking cowboy_clock
Checking cowboy_compress_h
Checking cowboy_constraints
Checking cowboy_handler
Checking cowboy_http
Checking cowboy_http2
Checking cowboy_loop
Checking cowboy_metrics_h
Checking cowboy_middleware
Checking cowboy_req
Checking cowboy_rest
Checking cowboy_router
Checking cowboy_static
Checking cowboy_stream
Checking cowboy_stream_h
Checking cowboy_sub_protocol
Checking cowboy_sup
Checking cowboy_tls
Checking cowboy_tracer_h
Checking cowboy_websocket
Checking erlias
Checking ec_assoc_list
Checking ec_cmd_log
Checking ec_cnv
Checking ec_compile
Checking ec_date
Checking ec_dict
Checking ec_dictionary
Checking ec_file
Checking ec_gb_trees
Checking ec_git_vsn
Checking ec_lists
Checking ec_orddict
Checking ec_plists
Checking ec_rbdict
Checking ec_semver
Checking ec_semver_parser
Checking ec_talk
Checking ec_vsn
Checking mutagen
Checking mutagen_app
Checking mutagen_sup
Checking nitro_cache
Checking nitro_cache_app
Checking nitro_cache_expirer
Checking nitro_cache_sup
Checking action_add_class
Checking action_add_option
Checking action_alert
Checking action_animate
Checking action_api
Checking action_appear
Checking action_before_postback
Checking action_buttonize
Checking action_clear_validation
Checking action_click
Checking action_comet
Checking action_confirm
Checking action_console_log
Checking action_continue
Checking action_disable
Checking action_disable_selection
Checking action_effect
Checking action_enable
Checking action_event
Checking action_fade
Checking action_function
Checking action_hide
Checking action_if_checked
Checking action_if_value
Checking action_jquery_effect
Checking action_js_fun
Checking action_make_readonly
Checking action_make_writable
Checking action_open_window
Checking action_redirect
Checking action_remove_class
Checking action_remove_option
Checking action_script
Checking action_set
Checking action_set_cookie
Checking action_set_multiple
Checking action_show
Checking action_slide_down
Checking action_slide_up
Checking action_toggle
Checking action_toggle_option
Checking action_update
Checking action_validate
Checking action_validation_error
Checking action_wire
Checking element_button
Checking element_checkbox
Checking element_date_dropdown
Checking element_datepicker_textbox
Checking element_dropdown
Checking element_hidden
Checking element_inplace
Checking element_inplace_textarea
Checking element_inplace_textbox
Checking element_label
Checking element_password
Checking element_radio
Checking element_radiogroup
Checking element_range
Checking element_restful_form
Checking element_restful_reset
Checking element_restful_submit
Checking element_restful_upload
Checking element_textarea
Checking element_textbox
Checking element_textbox_autocomplete
Checking element_upload
Checking element_wizard
Checking element_basic_tag
Checking element_br
Checking element_email_link
Checking element_hr
Checking element_image
Checking element_link
Checking element_list
Checking element_listitem
Checking element_literal
Checking element_time
Checking element_value
Checking element_fieldset
Checking element_grid
Checking element_grid_960
Checking element_lightbox
Checking element_placeholder
Checking element_template
Checking element_bind
Checking element_calendar
Checking element_delay_body
Checking element_draggable
Checking element_droppable
Checking element_file
Checking element_flash
Checking element_function
Checking element_google_chart
Checking element_gravatar
Checking element_icon
Checking element_iframe
Checking element_mermaid
Checking element_progress_bar
Checking element_qr
Checking element_recaptcha
Checking element_sortblock
Checking element_sortitem
Checking element_sparkline
Checking element_spinner
Checking element_sync_panel
Checking element_video
Checking element_youtube
Checking element_singlerow
Checking element_table
Checking element_tablecell
Checking element_tableheader
Checking element_tablerow
Checking cache_handler
Checking default_cache_handler
Checking config_handler
Checking default_config_handler
Checking crash_handler
Checking debug_crash_handler
Checking default_crash_handler
Checking default_identity_handler
Checking identity_handler
Checking default_log_handler
Checking log_handler
Checking nitrogen_basic_handler
Checking nitrogen_standard_handler
Checking default_postback_handler
Checking postback_handler
Checking gproc_registry_handler
Checking nprocreg_registry_handler
Checking process_registry_handler
Checking default_query_handler
Checking query_handler
Checking default_role_handler
Checking role_handler
Checking dynamic_route_handler
Checking file_not_found_page
Checking named_route_handler
Checking nitrogen_rest
Checking nitrogen_smart_extensions
Checking passthrough_route_handler
Checking route_handler
Checking default_security_handler
Checking http_basic_auth_security_handler
Checking security_handler
Checking canister_session_handler
Checking session_handler
Checking simple_session_handler
Checking default_state_handler
Checking state_handler
Checking default_websocket_handler
Checking websocket_handler
Checking nitro_mochijson2
Checking nitro_mochinum
Checking wf_action_queue
Checking wf_context
Checking wf_convert
Checking wf_cookies
Checking wf_event
Checking wf_fastmap
Checking wf_fastmap_worker
Checking wf_grid_system
Checking wf_handler
Checking wf_pandoc
Checking wf_pickle
Checking wf_render_actions
Checking wf_render_elements
Checking wf_security_policy
Checking wf_tags
Checking wf_test
Checking wf_test_srv
Checking wf_utils
Checking wf_validation
Checking nitrogen
Checking nitrogen_dev
Checking validator_confirm_password
Checking validator_confirm_same
Checking validator_custom
Checking validator_is_email
Checking validator_is_integer
Checking validator_is_number
Checking validator_is_required
Checking validator_js_custom
Checking validator_max_length
Checking validator_min_length
Checking wf
Checking wf_core
Checking nprocreg
Checking nprocreg_app
Checking nprocreg_sup
Checking poolboy
Checking poolboy_sup
Checking poolboy_worker
Checking qdate
Checking qdate_app
Checking qdate_srv
Checking qdate_sup
Checking ranch
Checking ranch_acceptor
Checking ranch_acceptors_sup
Checking ranch_app
Checking ranch_conns_sup
Checking ranch_crc32c
Checking ranch_listener_sup
Checking ranch_protocol
Checking ranch_proxy_header
Checking ranch_server
Checking ranch_ssl
Checking ranch_sup
Checking ranch_tcp
Checking ranch_transport
Checking cowboy_request_server
Checking cowboy_simple_bridge
Checking cowboy_simple_bridge_anchor
Checking cowboy_simple_bridge_sup
Checking inets_simple_bridge
Checking inets_simple_bridge_anchor
Checking inets_simple_bridge_sup
Checking mochiweb_simple_bridge
Checking mochiweb_simple_bridge_anchor
Checking mochiweb_simple_bridge_sup
Checking sb_file_upload_handler
Checking sb_uploaded_file
Checking sbw
Checking simple_bridge
Checking simple_bridge_app
Checking simple_bridge_handler
Checking simple_bridge_handler_sample
Checking simple_bridge_multipart
Checking simple_bridge_util
Checking simple_bridge_websocket
Checking webmachine_simple_bridge
Checking webmachine_simple_bridge_anchor
Checking webmachine_simple_bridge_static
Checking webmachine_simple_bridge_sup
Checking yaws_simple_bridge
Checking yaws_simple_bridge_anchor
Checking yaws_simple_bridge_sup
Checking sync
Checking sync_notify
Checking sync_options
Checking sync_scanner
Checking sync_utils
Checking eqc_rebar
Checking eqc_rebar_prv
Checking pc
Checking pc_compilation
Checking pc_port_env
Checking pc_port_specs
Checking pc_prv_clean
Checking pc_prv_compile
Checking pc_util
Checking riak_pb_msgcodegen
Checking riak_pb_msgcodegen_prv
Checking index
Checking login
Checking notes
Checking n_apps
Checking account_db_mnesia
Checking account_db_riak
Checking n_mnesia
Checking nnote_db_mnesia
Checking nnote_db_riak
Checking n_common
Checking n_dates
Checking n_menus
Checking n_search
Checking n_utils
Checking nindex
Checking nitrogen_main_handler
Checking nnote
Checking nnote_add_edit
Checking nnote_app
Checking nnote_sup
Checking getopt
Checking provider
Checking providers
Checking providers_topo
Checking element_table
Checking wf_security_policy
Checking action_click
Checking wf_render_elements
Checking validator_custom
Checking element_time
Checking element_checkbox
Checking n_utils
Checking wf_convert
Checking element_progress_bar
Checking element_image
Checking log_handler
Checking element_button
Checking element_range
Checking element_value
Checking sbw
Checking http_basic_auth_security_handler
Checking inets_simple_bridge
Checking nprocreg
Checking cache_handler
Checking simple_bridge_handler
Checking element_placeholder
Checking simple_bridge_multipart
Checking element_datepicker_textbox
Checking action_if_value
Checking default_log_handler
Checking element_delay_body
Checking element_radiogroup
Checking default_state_handler
Checking session_handler
Checking validator_confirm_same
Checking element_sync_panel
Checking n_dates
Checking action_redirect
Checking nnote
Checking element_email_link
Checking element_inplace_textarea
Checking index
Checking validator_is_number
Checking wf
Checking file_not_found_page
Checking element_bind
Checking action_remove_class
Checking nitro_cache
Checking security_handler
Checking role_handler
Checking element_inplace_textbox
Checking action_set
Checking ec_cmd_log
Checking action_appear
Checking action_api
Checking dynamic_route_handler
Checking element_hr
Checking element_function
Checking element_gravatar
Checking wf_core
Checking action_set_multiple
Checking notes
Checking action_function
Checking simple_bridge_websocket
Checking action_alert
Checking element_dropdown
Checking default_config_handler
Checking element_textbox
Checking action_before_postback
Checking action_toggle_option
Checking nitrogen_rest
Checking element_password
Checking validator_max_length
Checking action_js_fun
Checking element_video
Checking element_mermaid
Checking n_menus
Checking simple_bridge
Checking element_grid_960
Checking nindex
Checking element_file
Checking cowboy_simple_bridge_sup
Checking action_clear_validation
Checking mochiweb_simple_bridge_anchor
Checking element_textarea
Checking element_restful_submit
Checking postback_handler
Checking element_radio
Checking element_inplace
Checking action_event
Checking element_icon
Checking action_make_writable
Checking wf_utils
Checking element_droppable
Checking route_handler
Checking default_cache_handler
Checking element_label
Checking default_security_handler
Checking element_tablecell
Checking sb_uploaded_file
Checking element_grid
Checking wf_pickle
Checking query_handler
Checking element_youtube
Checking element_sortblock
Checking action_console_log
Checking action_validation_error
Checking element_google_chart
Checking action_animate
Checking action_hide
Checking default_websocket_handler
Checking element_list
Checking named_route_handler
Checking element_wizard
Checking action_remove_option
Checking action_comet
Checking action_wire
Checking action_buttonize
Checking action_open_window
Checking action_add_class
Checking action_disable_selection
Checking element_fieldset
Checking webmachine_simple_bridge_static
Checking element_restful_upload
Checking action_enable
Checking default_crash_handler
Checking action_slide_up
Checking validator_is_required
Checking wf_action_queue
Checking action_add_option
Checking nitro_cache_expirer
Checking element_calendar
Checking mochiweb_simple_bridge
Checking action_slide_down
Checking action_make_readonly
Checking webmachine_simple_bridge
Checking element_sortitem
Checking element_link
Checking validator_is_email
Checking action_fade
Checking element_draggable
Checking cowboy_simple_bridge
Checking element_restful_form
Checking config_handler
Checking element_template
Checking element_br
Checking element_upload
Checking wf_handler
Checking validator_js_custom
Checking element_textbox_autocomplete
Checking crash_handler
Checking action_if_checked
Checking login
Checking element_qr
Checking element_hidden
Checking element_date_dropdown
Checking action_continue
Checking element_literal
Checking nnote_add_edit
Checking element_listitem
Checking action_validate
Checking simple_bridge_util
Checking process_registry_handler
Checking action_jquery_effect
Checking providers
Checking gproc_registry_handler
Checking wf_test
Checking action_set_cookie
Checking element_tablerow
Checking passthrough_route_handler
Checking default_postback_handler
Checking element_tableheader
Checking n_common
Checking wf_cookies
Checking element_restful_reset
Checking action_show
Checking action_toggle
Checking debug_crash_handler
Checking wf_validation
Checking element_spinner
Checking wf_fastmap
Checking element_singlerow
Checking wf_render_actions
Checking n_apps
Checking wf_test_srv
Checking identity_handler
Checking default_query_handler
Checking canister
Checking action_disable
Checking validator_min_length
Checking canister_session_handler
Checking action_update
Checking wf_event
Checking action_effect
Checking wf_context
Checking element_lightbox
Checking wf_tags
Checking validator_confirm_password
Checking cowboy_request_server
Checking webmachine_simple_bridge_anchor
Checking simple_session_handler
Checking websocket_handler
Checking state_handler
Checking action_confirm
Checking nprocreg_registry_handler
Checking validator_is_integer
Checking element_flash
Checking element_basic_tag
Checking action_script
Checking wf_pandoc
Checking element_sparkline
Checking element_iframe
Checking yaws_simple_bridge
Checking element_recaptcha
Checking cow_base64url
Checking cow_cookie
Checking cow_date
Checking cow_hpack
Checking cow_http
Checking cow_http2
Checking cow_http2_machine
Checking cow_http_hd
Checking cow_http_struct_hd
Checking cow_http_te
Checking cow_iolists
Checking cow_link
Checking cow_mimetypes
Checking cow_multipart
Checking cow_qs
Checking cow_spdy
Checking cow_sse
Checking cow_uri
Checking cow_uri_template
Checking cow_ws
Checking cowboy_http
Checking cow_cookie
Checking cow_hpack
Checking cow_http
Checking cow_http_hd
Checking cow_http_struct_hd
Checking cow_http_te
Checking cow_link
Checking cow_multipart
Checking cow_spdy
Checking cow_uri_template
Checking bcrypt
Checking bcrypt_app
Checking bcrypt_nif
Checking bcrypt_nif_pool_sup
Checking bcrypt_nif_worker
Checking bcrypt_pool
Checking bcrypt_port
Checking bcrypt_port_sup
Checking bcrypt_sup
Checking canister
Checking canister_app
Checking canister_config
Checking canister_exp
Checking canister_log
Checking canister_resync
Checking canister_sup
Checking canister_sync
Checking cf
Checking cf_term
Checking cowboy
Checking cowboy_app
Checking cowboy_bstr
Checking cowboy_children
Checking cowboy_clear
Checking cowboy_clock
Checking cowboy_compress_h
Checking cowboy_constraints
Checking cowboy_handler
Checking cowboy_http
Checking cowboy_http2
Checking cowboy_loop
Checking cowboy_metrics_h
Checking cowboy_middleware
Checking cowboy_req
Checking cowboy_rest
Checking cowboy_router
Checking cowboy_static
Checking cowboy_stream
Checking cowboy_stream_h
Checking cowboy_sub_protocol
Checking cowboy_sup
Checking cowboy_tls
Checking cowboy_tracer_h
Checking cowboy_websocket
Checking erlias
Checking ec_assoc_list
Checking ec_cmd_log
Checking ec_cnv
Checking ec_compile
Checking ec_date
Checking ec_dict
Checking ec_dictionary
Checking ec_file
Checking ec_gb_trees
Checking ec_git_vsn
Checking ec_lists
Checking ec_orddict
Checking ec_plists
Checking ec_rbdict
Checking ec_semver
Checking ec_semver_parser
Checking ec_talk
Checking ec_vsn
Checking mutagen
Checking mutagen_app
Checking mutagen_sup
Checking nitro_cache
Checking nitro_cache_app
Checking nitro_cache_expirer
Checking nitro_cache_sup
Checking action_add_class
Checking action_add_option
Checking action_alert
Checking action_animate
Checking action_api
Checking action_appear
Checking action_before_postback
Checking action_buttonize
Checking action_clear_validation
Checking action_click
Checking action_comet
Checking action_confirm
Checking action_console_log
Checking action_continue
Checking action_disable
Checking action_disable_selection
Checking action_effect
Checking action_enable
Checking action_event
Checking action_fade
Checking action_function
Checking action_hide
Checking action_if_checked
Checking action_if_value
Checking action_jquery_effect
Checking action_js_fun
Checking action_make_readonly
Checking action_make_writable
Checking action_open_window
Checking action_redirect
Checking action_remove_class
Checking action_remove_option
Checking action_script
Checking action_set
Checking action_set_cookie
Checking action_set_multiple
Checking action_show
Checking action_slide_down
Checking action_slide_up
Checking action_toggle
Checking action_toggle_option
Checking action_update
Checking action_validate
Checking action_validation_error
Checking action_wire
Checking element_button
Checking element_checkbox
Checking element_date_dropdown
Checking element_datepicker_textbox
Checking element_dropdown
Checking element_hidden
Checking element_inplace
Checking element_inplace_textarea
Checking element_inplace_textbox
Checking element_label
Checking element_password
Checking element_radio
Checking element_radiogroup
Checking element_range
Checking element_restful_form
Checking element_restful_reset
Checking element_restful_submit
Checking element_restful_upload
Checking element_textarea
Checking element_textbox
Checking element_textbox_autocomplete
Checking element_upload
Checking element_wizard
Checking element_basic_tag
Checking element_br
Checking element_email_link
Checking element_hr
Checking element_image
Checking element_link
Checking element_list
Checking element_listitem
Checking element_literal
Checking element_time
Checking element_value
Checking element_fieldset
Checking element_grid
Checking element_grid_960
Checking element_lightbox
Checking element_placeholder
Checking element_template
Checking element_bind
Checking element_calendar
Checking element_delay_body
Checking element_draggable
Checking element_droppable
Checking element_file
Checking element_flash
Checking element_function
Checking element_google_chart
Checking element_gravatar
Checking element_icon
Checking element_iframe
Checking element_mermaid
Checking element_progress_bar
Checking element_qr
Checking element_recaptcha
Checking element_sortblock
Checking element_sortitem
Checking element_sparkline
Checking element_spinner
Checking element_sync_panel
Checking element_video
Checking element_youtube
Checking element_singlerow
Checking element_table
Checking element_tablecell
Checking element_tableheader
Checking element_tablerow
Checking cache_handler
Checking default_cache_handler
Checking config_handler
Checking default_config_handler
Checking crash_handler
Checking debug_crash_handler
Checking default_crash_handler
Checking default_identity_handler
Checking identity_handler
Checking default_log_handler
Checking log_handler
Checking nitrogen_basic_handler
Checking nitrogen_standard_handler
Checking default_postback_handler
Checking postback_handler
Checking gproc_registry_handler
Checking nprocreg_registry_handler
Checking process_registry_handler
Checking default_query_handler
Checking query_handler
Checking default_role_handler
Checking role_handler
Checking dynamic_route_handler
Checking file_not_found_page
Checking named_route_handler
Checking nitrogen_rest
Checking nitrogen_smart_extensions
Checking passthrough_route_handler
Checking route_handler
Checking default_security_handler
Checking http_basic_auth_security_handler
Checking security_handler
Checking canister_session_handler
Checking session_handler
Checking simple_session_handler
Checking default_state_handler
Checking state_handler
Checking default_websocket_handler
Checking websocket_handler
Checking nitro_mochijson2
Checking nitro_mochinum
Checking wf_action_queue
Checking wf_context
Checking wf_convert
Checking wf_cookies
Checking wf_event
Checking wf_fastmap
Checking wf_fastmap_worker
Checking wf_grid_system
Checking wf_handler
Checking wf_pandoc
Checking wf_pickle
Checking wf_render_actions
Checking wf_render_elements
Checking wf_security_policy
Checking wf_tags
Checking wf_test
Checking wf_test_srv
Checking wf_utils
Checking wf_validation
Checking nitrogen
Checking nitrogen_dev
Checking validator_confirm_password
Checking validator_confirm_same
Checking validator_custom
Checking validator_is_email
Checking validator_is_integer
Checking validator_is_number
Checking validator_is_required
Checking validator_js_custom
Checking validator_max_length
Checking validator_min_length
Checking wf
Checking wf_core
Checking nprocreg
Checking nprocreg_app
Checking nprocreg_sup
Checking poolboy
Checking poolboy_sup
Checking poolboy_worker
Checking qdate
Checking qdate_app
Checking qdate_srv
Checking qdate_sup
Checking ranch
Checking ranch_acceptor
Checking ranch_acceptors_sup
Checking ranch_app
Checking ranch_conns_sup
Checking ranch_crc32c
Checking ranch_listener_sup
Checking ranch_protocol
Checking ranch_proxy_header
Checking ranch_server
Checking ranch_ssl
Checking ranch_sup
Checking ranch_tcp
Checking ranch_transport
Checking rekt
Checking cowboy_request_server
Checking cowboy_simple_bridge
Checking cowboy_simple_bridge_anchor
Checking cowboy_simple_bridge_sup
Checking inets_simple_bridge
Checking inets_simple_bridge_anchor
Checking inets_simple_bridge_sup
Checking mochiweb_simple_bridge
Checking mochiweb_simple_bridge_anchor
Checking mochiweb_simple_bridge_sup
Checking sb_file_upload_handler
Checking sb_uploaded_file
Checking sbw
Checking simple_bridge
Checking simple_bridge_app
Checking simple_bridge_handler
Checking simple_bridge_handler_sample
Checking simple_bridge_multipart
Checking simple_bridge_util
Checking simple_bridge_websocket
Checking webmachine_simple_bridge
Checking webmachine_simple_bridge_anchor
Checking webmachine_simple_bridge_static
Checking webmachine_simple_bridge_sup
Checking yaws_simple_bridge
Checking yaws_simple_bridge_anchor
Checking yaws_simple_bridge_sup
Checking sync
Checking sync_notify
Checking sync_options
Checking sync_scanner
Checking sync_utils
Checking eqc_rebar
Checking eqc_rebar_prv
Checking pc
Checking pc_compilation
Checking pc_port_env
Checking pc_port_specs
Checking pc_prv_clean
Checking pc_prv_compile
Checking pc_util
Checking riak_pb_msgcodegen
Checking riak_pb_msgcodegen_prv
Checking index
Checking login
Checking notes
Checking n_apps
Checking account_db_mnesia
Checking account_db_riak
Checking n_mnesia
Checking nnote_db_mnesia
Checking nnote_db_riak
Checking n_common
Checking n_dates
Checking n_menus
Checking n_search
Checking n_utils
Checking nindex
Checking nitrogen_main_handler
Checking nnote
Checking nnote_add_edit
Checking nnote_app
Checking nnote_sup
Checking getopt
Checking provider
Checking providers
Checking providers_topo
Checking element_table
Checking wf_security_policy
Checking action_click
Checking wf_render_elements
Checking validator_custom
Checking element_time
Checking element_checkbox
Checking n_utils
Checking wf_convert
Checking element_progress_bar
Checking element_image
Checking log_handler
Checking element_button
Checking element_range
Checking element_value
Checking sbw
Checking http_basic_auth_security_handler
Checking inets_simple_bridge
Checking nprocreg
Checking cache_handler
Checking simple_bridge_handler
Checking element_placeholder
Checking simple_bridge_multipart
Checking element_datepicker_textbox
Checking action_if_value
Checking default_log_handler
Checking element_delay_body
Checking element_radiogroup
Checking default_state_handler
Checking session_handler
Checking validator_confirm_same
Checking element_sync_panel
Checking n_dates
Checking action_redirect
Checking nnote
Checking element_email_link
Checking element_inplace_textarea
Checking index
Checking validator_is_number
Checking wf
Checking file_not_found_page
Checking element_bind
Checking action_remove_class
Checking nitro_cache
Checking security_handler
Checking role_handler
Checking element_inplace_textbox
Checking action_set
Checking ec_cmd_log
Checking action_appear
Checking action_api
Checking dynamic_route_handler
Checking element_hr
Checking element_function
Checking element_gravatar
Checking wf_core
Checking action_set_multiple
Checking notes
Checking action_function
Checking simple_bridge_websocket
Checking action_alert
Checking element_dropdown
Checking default_config_handler
Checking element_textbox
Checking action_before_postback
Checking action_toggle_option
Checking nitrogen_rest
Checking element_password
Checking validator_max_length
Checking action_js_fun
Checking element_video
Checking element_mermaid
Checking n_menus
Checking simple_bridge
Checking element_grid_960
Checking nindex
Checking element_file
Checking cowboy_simple_bridge_sup
Checking action_clear_validation
Checking mochiweb_simple_bridge_anchor
Checking element_textarea
Checking element_restful_submit
Checking postback_handler
Checking element_radio
Checking element_inplace
Checking action_event
Checking element_icon
Checking action_make_writable
Checking wf_utils
Checking element_droppable
Checking route_handler
Checking default_cache_handler
Checking element_label
Checking default_security_handler
Checking element_tablecell
Checking sb_uploaded_file
Checking element_grid
Checking wf_pickle
Checking query_handler
Checking element_youtube
Checking element_sortblock
Checking action_console_log
Checking action_validation_error
Checking element_google_chart
Checking action_animate
Checking action_hide
Checking default_websocket_handler
Checking element_list
Checking named_route_handler
Checking element_wizard
Checking action_remove_option
Checking action_comet
Checking action_wire
Checking action_buttonize
Checking action_open_window
Checking action_add_class
Checking action_disable_selection
Checking element_fieldset
Checking webmachine_simple_bridge_static
Checking element_restful_upload
Checking action_enable
Checking default_crash_handler
Checking action_slide_up
Checking validator_is_required
Checking wf_action_queue
Checking action_add_option
Checking nitro_cache_expirer
Checking element_calendar
Checking mochiweb_simple_bridge
Checking action_slide_down
Checking action_make_readonly
Checking webmachine_simple_bridge
Checking element_sortitem
Checking element_link
Checking validator_is_email
Checking action_fade
Checking element_draggable
Checking cowboy_simple_bridge
Checking element_restful_form
Checking config_handler
Checking element_template
Checking element_br
Checking element_upload
Checking wf_handler
Checking validator_js_custom
Checking element_textbox_autocomplete
Checking crash_handler
Checking action_if_checked
Checking login
Checking element_qr
Checking element_hidden
Checking element_date_dropdown
Checking action_continue
Checking element_literal
Checking nnote_add_edit
Checking element_listitem
Checking action_validate
Checking simple_bridge_util
Checking process_registry_handler
Checking action_jquery_effect
Checking providers
Checking gproc_registry_handler
Checking wf_test
Checking action_set_cookie
Checking element_tablerow
Checking passthrough_route_handler
Checking default_postback_handler
Checking element_tableheader
Checking n_common
Checking wf_cookies
Checking element_restful_reset
Checking action_show
Checking action_toggle
Checking debug_crash_handler
Checking wf_validation
Checking element_spinner
Checking wf_fastmap
Checking element_singlerow
Checking wf_render_actions
Checking n_apps
Checking wf_test_srv
Checking identity_handler
Checking default_query_handler
Checking canister
Checking action_disable
Checking validator_min_length
Checking canister_session_handler
Checking action_update
Checking wf_event
Checking action_effect
Checking wf_context
Checking element_lightbox
Checking wf_tags
Checking validator_confirm_password
Checking cowboy_request_server
Checking webmachine_simple_bridge_anchor
Checking simple_session_handler
Checking websocket_handler
Checking state_handler
Checking action_confirm
Checking nprocreg_registry_handler
Checking validator_is_integer
Checking element_flash
Checking element_basic_tag
Checking action_script
Checking wf_pandoc
Checking element_sparkline
Checking element_iframe
Checking yaws_simple_bridge
Checking element_recaptcha
Checking cow_base64url
Checking cow_cookie
Checking cow_date
Checking cow_hpack
Checking cow_http
Checking cow_http2
Checking cow_http2_machine
Checking cow_http_hd
Checking cow_http_struct_hd
Checking cow_http_te
Checking cow_iolists
Checking cow_link
Checking cow_mimetypes
Checking cow_multipart
Checking cow_qs
Checking cow_spdy
Checking cow_sse
Checking cow_uri
Checking cow_uri_template
Checking cow_ws
Checking cowboy_http
Checking cow_cookie
Checking cow_hpack
Checking cow_http
Checking cow_http_hd
Checking cow_http_struct_hd
Checking cow_http_te
Checking cow_link
Checking cow_multipart
Checking cow_spdy
Checking cow_uri_template
/home/b3ta/Erlang/nnote/src/n_libs/n_common.erl
Checking bcrypt
Checking bcrypt_app
Checking bcrypt_nif
Checking bcrypt_nif_pool_sup
Checking bcrypt_nif_worker
Checking bcrypt_pool
Checking bcrypt_port
Checking bcrypt_port_sup
Checking bcrypt_sup
Checking canister
Checking canister_app
Checking canister_config
Checking canister_exp
Checking canister_log
Checking canister_resync
Checking canister_sup
Checking canister_sync
Checking cf
Checking cf_term
Checking cowboy
Checking cowboy_app
Checking cowboy_bstr
Checking cowboy_children
Checking cowboy_clear
Checking cowboy_clock
Checking cowboy_compress_h
Checking cowboy_constraints
Checking cowboy_handler
Checking cowboy_http
Checking cowboy_http2
Checking cowboy_loop
Checking cowboy_metrics_h
Checking cowboy_middleware
Checking cowboy_req
Checking cowboy_rest
Checking cowboy_router
Checking cowboy_static
Checking cowboy_stream
Checking cowboy_stream_h
Checking cowboy_sub_protocol
Checking cowboy_sup
Checking cowboy_tls
Checking cowboy_tracer_h
Checking cowboy_websocket
Checking erlias
Checking ec_assoc_list
Checking ec_cmd_log
Checking ec_cnv
Checking ec_compile
Checking ec_date
Checking ec_dict
Checking ec_dictionary
Checking ec_file
Checking ec_gb_trees
Checking ec_git_vsn
Checking ec_lists
Checking ec_orddict
Checking ec_plists
Checking ec_rbdict
Checking ec_semver
Checking ec_semver_parser
Checking ec_talk
Checking ec_vsn
Checking mutagen
Checking mutagen_app
Checking mutagen_sup
Checking nitro_cache
Checking nitro_cache_app
Checking nitro_cache_expirer
Checking nitro_cache_sup
Checking action_add_class
Checking action_add_option
Checking action_alert
Checking action_animate
Checking action_api
Checking action_appear
Checking action_before_postback
Checking action_buttonize
Checking action_clear_validation
Checking action_click
Checking action_comet
Checking action_confirm
Checking action_console_log
Checking action_continue
Checking action_disable
Checking action_disable_selection
Checking action_effect
Checking action_enable
Checking action_event
Checking action_fade
Checking action_function
Checking action_hide
Checking action_if_checked
Checking action_if_value
Checking action_jquery_effect
Checking action_js_fun
Checking action_make_readonly
Checking action_make_writable
Checking action_open_window
Checking action_redirect
Checking action_remove_class
Checking action_remove_option
Checking action_script
Checking action_set
Checking action_set_cookie
Checking action_set_multiple
Checking action_show
Checking action_slide_down
Checking action_slide_up
Checking action_toggle
Checking action_toggle_option
Checking action_update
Checking action_validate
Checking action_validation_error
Checking action_wire
Checking element_button
Checking element_checkbox
Checking element_date_dropdown
Checking element_datepicker_textbox
Checking element_dropdown
Checking element_hidden
Checking element_inplace
Checking element_inplace_textarea
Checking element_inplace_textbox
Checking element_label
Checking element_password
Checking element_radio
Checking element_radiogroup
Checking element_range
Checking element_restful_form
Checking element_restful_reset
Checking element_restful_submit
Checking element_restful_upload
Checking element_textarea
Checking element_textbox
Checking element_textbox_autocomplete
Checking element_upload
Checking element_wizard
Checking element_basic_tag
Checking element_br
Checking element_email_link
Checking element_hr
Checking element_image
Checking element_link
Checking element_list
Checking element_listitem
Checking element_literal
Checking element_time
Checking element_value
Checking element_fieldset
Checking element_grid
Checking element_grid_960
Checking element_lightbox
Checking element_placeholder
Checking element_template
Checking element_bind
Checking element_calendar
Checking element_delay_body
Checking element_draggable
Checking element_droppable
Checking element_file
Checking element_flash
Checking element_function
Checking element_google_chart
Checking element_gravatar
Checking element_icon
Checking element_iframe
Checking element_mermaid
Checking element_progress_bar
Checking element_qr
Checking element_recaptcha
Checking element_sortblock
Checking element_sortitem
Checking element_sparkline
Checking element_spinner
Checking element_sync_panel
Checking element_video
Checking element_youtube
Checking element_singlerow
Checking element_table
Checking element_tablecell
Checking element_tableheader
Checking element_tablerow
Checking cache_handler
Checking default_cache_handler
Checking config_handler
Checking default_config_handler
Checking crash_handler
Checking debug_crash_handler
Checking default_crash_handler
Checking default_identity_handler
Checking identity_handler
Checking default_log_handler
Checking log_handler
Checking nitrogen_basic_handler
Checking nitrogen_standard_handler
Checking default_postback_handler
Checking postback_handler
Checking gproc_registry_handler
Checking nprocreg_registry_handler
Checking process_registry_handler
Checking default_query_handler
Checking query_handler
Checking default_role_handler
Checking role_handler
Checking dynamic_route_handler
Checking file_not_found_page
Checking named_route_handler
Checking nitrogen_rest
Checking nitrogen_smart_extensions
Checking passthrough_route_handler
Checking route_handler
Checking default_security_handler
Checking http_basic_auth_security_handler
Checking security_handler
Checking canister_session_handler
Checking session_handler
Checking simple_session_handler
Checking default_state_handler
Checking state_handler
Checking default_websocket_handler
Checking websocket_handler
Checking nitro_mochijson2
Checking nitro_mochinum
Checking wf_action_queue
Checking wf_context
Checking wf_convert
Checking wf_cookies
Checking wf_event
Checking wf_fastmap
Checking wf_fastmap_worker
Checking wf_grid_system
Checking wf_handler
Checking wf_pandoc
Checking wf_pickle
Checking wf_render_actions
Checking wf_render_elements
Checking wf_security_policy
Checking wf_tags
Checking wf_test
Checking wf_test_srv
Checking wf_utils
Checking wf_validation
Checking nitrogen
Checking nitrogen_dev
Checking validator_confirm_password
Checking validator_confirm_same
Checking validator_custom
Checking validator_is_email
Checking validator_is_integer
Checking validator_is_number
Checking validator_is_required
Checking validator_js_custom
Checking validator_max_length
Checking validator_min_length
Checking wf
Checking wf_core
Checking nprocreg
Checking nprocreg_app
Checking nprocreg_sup
Checking poolboy
Checking poolboy_sup
Checking poolboy_worker
Checking qdate
Checking qdate_app
Checking qdate_srv
Checking qdate_sup
Checking ranch
Checking ranch_acceptor
Checking ranch_acceptors_sup
Checking ranch_app
Checking ranch_conns_sup
Checking ranch_crc32c
Checking ranch_listener_sup
Checking ranch_protocol
Checking ranch_proxy_header
Checking ranch_server
Checking ranch_ssl
Checking ranch_sup
Checking ranch_tcp
Checking ranch_transport
Checking cowboy_request_server
Checking cowboy_simple_bridge
Checking cowboy_simple_bridge_anchor
Checking cowboy_simple_bridge_sup
Checking inets_simple_bridge
Checking inets_simple_bridge_anchor
Checking inets_simple_bridge_sup
Checking mochiweb_simple_bridge
Checking mochiweb_simple_bridge_anchor
Checking mochiweb_simple_bridge_sup
Checking sb_file_upload_handler
Checking sb_uploaded_file
Checking sbw
Checking simple_bridge
Checking simple_bridge_app
Checking simple_bridge_handler
Checking simple_bridge_handler_sample
Checking simple_bridge_multipart
Checking simple_bridge_util
Checking simple_bridge_websocket
Checking webmachine_simple_bridge
Checking webmachine_simple_bridge_anchor
Checking webmachine_simple_bridge_static
Checking webmachine_simple_bridge_sup
Checking yaws_simple_bridge
Checking yaws_simple_bridge_anchor
Checking yaws_simple_bridge_sup
Checking sync
Checking sync_notify
Checking sync_options
Checking sync_scanner
Checking sync_utils
Checking eqc_rebar
Checking eqc_rebar_prv
Checking pc
Checking pc_compilation
Checking pc_port_env
Checking pc_port_specs
Checking pc_prv_clean
Checking pc_prv_compile
Checking pc_util
Checking riak_pb_msgcodegen
Checking riak_pb_msgcodegen_prv
Checking index
Checking login
Checking notes
Checking n_apps
Checking account_db_mnesia
Checking account_db_riak
Checking n_mnesia
Checking nnote_db_mnesia
Checking nnote_db_riak
Checking n_common
Checking n_dates
Checking n_menus
Checking n_search
Checking n_utils
Checking nindex
Checking nitrogen_main_handler
Checking nnote
Checking nnote_add_edit
Checking nnote_app
Checking nnote_sup
Checking getopt
Checking provider
Checking providers
Checking providers_topo
Checking element_table
Checking wf_security_policy
Checking action_click
Checking wf_render_elements
Checking validator_custom
Checking element_time
Checking element_checkbox
Checking n_utils
Checking wf_convert
Checking element_progress_bar
Checking element_image
Checking log_handler
Checking element_button
Checking element_range
Checking element_value
Checking sbw
Checking http_basic_auth_security_handler
Checking inets_simple_bridge
Checking nprocreg
Checking cache_handler
Checking simple_bridge_handler
Checking element_placeholder
Checking simple_bridge_multipart
Checking element_datepicker_textbox
Checking action_if_value
Checking default_log_handler
Checking element_delay_body
Checking element_radiogroup
Checking default_state_handler
Checking session_handler
Checking validator_confirm_same
Checking element_sync_panel
Checking n_dates
Checking action_redirect
Checking nnote
Checking element_email_link
Checking element_inplace_textarea
Checking index
Checking validator_is_number
Checking wf
Checking file_not_found_page
Checking element_bind
Checking action_remove_class
Checking nitro_cache
Checking security_handler
Checking role_handler
Checking element_inplace_textbox
Checking action_set
Checking ec_cmd_log
Checking action_appear
Checking action_api
Checking dynamic_route_handler
Checking element_hr
Checking element_function
Checking element_gravatar
Checking wf_core
Checking action_set_multiple
Checking notes
Checking action_function
Checking simple_bridge_websocket
Checking action_alert
Checking element_dropdown
Checking default_config_handler
Checking element_textbox
Checking action_before_postback
Checking action_toggle_option
Checking nitrogen_rest
Checking element_password
Checking validator_max_length
Checking action_js_fun
Checking element_video
Checking element_mermaid
Checking n_menus
Checking simple_bridge
Checking element_grid_960
Checking nindex
Checking element_file
Checking cowboy_simple_bridge_sup
Checking action_clear_validation
Checking mochiweb_simple_bridge_anchor
Checking element_textarea
Checking element_restful_submit
Checking postback_handler
Checking element_radio
Checking element_inplace
Checking action_event
Checking element_icon
Checking action_make_writable
Checking wf_utils
Checking element_droppable
Checking route_handler
Checking default_cache_handler
Checking element_label
Checking default_security_handler
Checking element_tablecell
Checking sb_uploaded_file
Checking element_grid
Checking wf_pickle
Checking query_handler
Checking element_youtube
Checking element_sortblock
Checking action_console_log
Checking action_validation_error
Checking element_google_chart
Checking action_animate
Checking action_hide
Checking default_websocket_handler
Checking element_list
Checking named_route_handler
Checking element_wizard
Checking action_remove_option
Checking action_comet
Checking action_wire
Checking action_buttonize
Checking action_open_window
Checking action_add_class
Checking action_disable_selection
Checking element_fieldset
Checking webmachine_simple_bridge_static
Checking element_restful_upload
Checking action_enable
Checking default_crash_handler
Checking action_slide_up
Checking validator_is_required
Checking wf_action_queue
Checking action_add_option
Checking nitro_cache_expirer
Checking element_calendar
Checking mochiweb_simple_bridge
Checking action_slide_down
Checking action_make_readonly
Checking webmachine_simple_bridge
Checking element_sortitem
Checking element_link
Checking validator_is_email
Checking action_fade
Checking element_draggable
Checking cowboy_simple_bridge
Checking element_restful_form
Checking config_handler
Checking element_template
Checking element_br
Checking element_upload
Checking wf_handler
Checking validator_js_custom
Checking element_textbox_autocomplete
Checking crash_handler
Checking action_if_checked
Checking login
Checking element_qr
Checking element_hidden
Checking element_date_dropdown
Checking action_continue
Checking element_literal
Checking nnote_add_edit
Checking element_listitem
Checking action_validate
Checking simple_bridge_util
Checking process_registry_handler
Checking action_jquery_effect
Checking providers
Checking gproc_registry_handler
Checking wf_test
Checking action_set_cookie
Checking element_tablerow
Checking passthrough_route_handler
Checking default_postback_handler
Checking element_tableheader
Checking n_common
Checking wf_cookies
Checking element_restful_reset
Checking action_show
Checking action_toggle
Checking debug_crash_handler
Checking wf_validation
Checking element_spinner
Checking wf_fastmap
Checking element_singlerow
Checking wf_render_actions
Checking n_apps
Checking wf_test_srv
Checking identity_handler
Checking default_query_handler
Checking canister
Checking action_disable
Checking validator_min_length
Checking canister_session_handler
Checking action_update
Checking wf_event
Checking action_effect
Checking wf_context
Checking element_lightbox
Checking wf_tags
Checking validator_confirm_password
Checking cowboy_request_server
Checking webmachine_simple_bridge_anchor
Checking simple_session_handler
Checking websocket_handler
Checking state_handler
Checking action_confirm
Checking nprocreg_registry_handler
Checking validator_is_integer
Checking element_flash
Checking element_basic_tag
Checking action_script
Checking wf_pandoc
Checking element_sparkline
Checking element_iframe
Checking yaws_simple_bridge
Checking element_recaptcha
Checking cow_base64url
Checking cow_cookie
Checking cow_date
Checking cow_hpack
Checking cow_http
Checking cow_http2
Checking cow_http2_machine
Checking cow_http_hd
Checking cow_http_struct_hd
Checking cow_http_te
Checking cow_iolists
Checking cow_link
Checking cow_mimetypes
Checking cow_multipart
Checking cow_qs
Checking cow_spdy
Checking cow_sse
Checking cow_uri
Checking cow_uri_template
Checking cow_ws
Checking cowboy_http
Checking cow_cookie
Checking cow_hpack
Checking cow_http
Checking cow_http_hd
Checking cow_http_struct_hd
Checking cow_http_te
Checking cow_link
Checking cow_multipart
Checking cow_spdy
Checking cow_uri_template
/home/b3ta/Erlang/nnote/src/n_libs/n_common.erl
Checking rekt
/home/b3ta/Erlang/nnote/src/n_libs/n_common.erl
Checking bcrypt
Checking bcrypt_app
Checking bcrypt_nif
Checking bcrypt_nif_pool_sup
Checking bcrypt_nif_worker
Checking bcrypt_pool
Checking bcrypt_port
Checking bcrypt_port_sup
Checking bcrypt_sup
Checking canister
Checking canister_app
Checking canister_config
Checking canister_exp
Checking canister_log
Checking canister_resync
Checking canister_sup
Checking canister_sync
Checking cf
Checking cf_term
Checking cowboy
Checking cowboy_app
Checking cowboy_bstr
Checking cowboy_children
Checking cowboy_clear
Checking cowboy_clock
Checking cowboy_compress_h
Checking cowboy_constraints
Checking cowboy_handler
Checking cowboy_http
Checking cowboy_http2
Checking cowboy_loop
Checking cowboy_metrics_h
Checking cowboy_middleware
Checking cowboy_req
Checking cowboy_rest
Checking cowboy_router
Checking cowboy_static
Checking cowboy_stream
Checking cowboy_stream_h
Checking cowboy_sub_protocol
Checking cowboy_sup
Checking cowboy_tls
Checking cowboy_tracer_h
Checking cowboy_websocket
Checking erlias
Checking ec_assoc_list
Checking ec_cmd_log
Checking ec_cnv
Checking ec_compile
Checking ec_date
Checking ec_dict
Checking ec_dictionary
Checking ec_file
Checking ec_gb_trees
Checking ec_git_vsn
Checking ec_lists
Checking ec_orddict
Checking ec_plists
Checking ec_rbdict
Checking ec_semver
Checking ec_semver_parser
Checking ec_talk
Checking ec_vsn
Checking mutagen
Checking mutagen_app
Checking mutagen_sup
Checking nitro_cache
Checking nitro_cache_app
Checking nitro_cache_expirer
Checking nitro_cache_sup
Checking action_add_class
Checking action_add_option
Checking action_alert
Checking action_animate
Checking action_api
Checking action_appear
Checking action_before_postback
Checking action_buttonize
Checking action_clear_validation
Checking action_click
Checking action_comet
Checking action_confirm
Checking action_console_log
Checking action_continue
Checking action_disable
Checking action_disable_selection
Checking action_effect
Checking action_enable
Checking action_event
Checking action_fade
Checking action_function
Checking action_hide
Checking action_if_checked
Checking action_if_value
Checking action_jquery_effect
Checking action_js_fun
Checking action_make_readonly
Checking action_make_writable
Checking action_open_window
Checking action_redirect
Checking action_remove_class
Checking action_remove_option
Checking action_script
Checking action_set
Checking action_set_cookie
Checking action_set_multiple
Checking action_show
Checking action_slide_down
Checking action_slide_up
Checking action_toggle
Checking action_toggle_option
Checking action_update
Checking action_validate
Checking action_validation_error
Checking action_wire
Checking element_button
Checking element_checkbox
Checking element_date_dropdown
Checking element_datepicker_textbox
Checking element_dropdown
Checking element_hidden
Checking element_inplace
Checking element_inplace_textarea
Checking element_inplace_textbox
Checking element_label
Checking element_password
Checking element_radio
Checking element_radiogroup
Checking element_range
Checking element_restful_form
Checking element_restful_reset
Checking element_restful_submit
Checking element_restful_upload
Checking element_textarea
Checking element_textbox
Checking element_textbox_autocomplete
Checking element_upload
Checking element_wizard
Checking element_basic_tag
Checking element_br
Checking element_email_link
Checking element_hr
Checking element_image
Checking element_link
Checking element_list
Checking element_listitem
Checking element_literal
Checking element_time
Checking element_value
Checking element_fieldset
Checking element_grid
Checking element_grid_960
Checking element_lightbox
Checking element_placeholder
Checking element_template
Checking element_bind
Checking element_calendar
Checking element_delay_body
Checking element_draggable
Checking element_droppable
Checking element_file
Checking element_flash
Checking element_function
Checking element_google_chart
Checking element_gravatar
Checking element_icon
Checking element_iframe
Checking element_mermaid
Checking element_progress_bar
Checking element_qr
Checking element_recaptcha
Checking element_sortblock
Checking element_sortitem
Checking element_sparkline
Checking element_spinner
Checking element_sync_panel
Checking element_video
Checking element_youtube
Checking element_singlerow
Checking element_table
Checking element_tablecell
Checking element_tableheader
Checking element_tablerow
Checking cache_handler
Checking default_cache_handler
Checking config_handler
Checking default_config_handler
Checking crash_handler
Checking debug_crash_handler
Checking default_crash_handler
Checking default_identity_handler
Checking identity_handler
Checking default_log_handler
Checking log_handler
Checking nitrogen_basic_handler
Checking nitrogen_standard_handler
Checking default_postback_handler
Checking postback_handler
Checking gproc_registry_handler
Checking nprocreg_registry_handler
Checking process_registry_handler
Checking default_query_handler
Checking query_handler
Checking default_role_handler
Checking role_handler
Checking dynamic_route_handler
Checking file_not_found_page
Checking named_route_handler
Checking nitrogen_rest
Checking nitrogen_smart_extensions
Checking passthrough_route_handler
Checking route_handler
Checking default_security_handler
Checking http_basic_auth_security_handler
Checking security_handler
Checking canister_session_handler
Checking session_handler
Checking simple_session_handler
Checking default_state_handler
Checking state_handler
Checking default_websocket_handler
Checking websocket_handler
Checking nitro_mochijson2
Checking nitro_mochinum
Checking wf_action_queue
Checking wf_context
Checking wf_convert
Checking wf_cookies
Checking wf_event
Checking wf_fastmap
Checking wf_fastmap_worker
Checking wf_grid_system
Checking wf_handler
Checking wf_pandoc
Checking wf_pickle
Checking wf_render_actions
Checking wf_render_elements
Checking wf_security_policy
Checking wf_tags
Checking wf_test
Checking wf_test_srv
Checking wf_utils
Checking wf_validation
Checking nitrogen
Checking nitrogen_dev
Checking validator_confirm_password
Checking validator_confirm_same
Checking validator_custom
Checking validator_is_email
Checking validator_is_integer
Checking validator_is_number
Checking validator_is_required
Checking validator_js_custom
Checking validator_max_length
Checking validator_min_length
Checking wf
Checking wf_core
Checking nprocreg
Checking nprocreg_app
Checking nprocreg_sup
Checking poolboy
Checking poolboy_sup
Checking poolboy_worker
Checking qdate
Checking qdate_app
Checking qdate_srv
Checking qdate_sup
Checking ranch
Checking ranch_acceptor
Checking ranch_acceptors_sup
Checking ranch_app
Checking ranch_conns_sup
Checking ranch_crc32c
Checking ranch_listener_sup
Checking ranch_protocol
Checking ranch_proxy_header
Checking ranch_server
Checking ranch_ssl
Checking ranch_sup
Checking ranch_tcp
Checking ranch_transport
Checking rekt
Checking cowboy_request_server
Checking cowboy_simple_bridge
Checking cowboy_simple_bridge_anchor
Checking cowboy_simple_bridge_sup
Checking inets_simple_bridge
Checking inets_simple_bridge_anchor
Checking inets_simple_bridge_sup
Checking mochiweb_simple_bridge
Checking mochiweb_simple_bridge_anchor
Checking mochiweb_simple_bridge_sup
Checking sb_file_upload_handler
Checking sb_uploaded_file
Checking sbw
Checking simple_bridge
Checking simple_bridge_app
Checking simple_bridge_handler
Checking simple_bridge_handler_sample
Checking simple_bridge_multipart
Checking simple_bridge_util
Checking simple_bridge_websocket
Checking webmachine_simple_bridge
Checking webmachine_simple_bridge_anchor
Checking webmachine_simple_bridge_static
Checking webmachine_simple_bridge_sup
Checking yaws_simple_bridge
Checking yaws_simple_bridge_anchor
Checking yaws_simple_bridge_sup
Checking sync
Checking sync_notify
Checking sync_options
Checking sync_scanner
Checking sync_utils
Checking eqc_rebar
Checking eqc_rebar_prv
Checking pc
Checking pc_compilation
Checking pc_port_env
Checking pc_port_specs
Checking pc_prv_clean
Checking pc_prv_compile
Checking pc_util
Checking riak_pb_msgcodegen
Checking riak_pb_msgcodegen_prv
Checking index
Checking login
Checking notes
Checking n_apps
Checking account_db_mnesia
Checking account_db_riak
Checking n_mnesia
Checking nnote_db_mnesia
Checking nnote_db_riak
Checking n_common
Checking n_dates
Checking n_menus
Checking n_search
Checking n_utils
Checking nindex
Checking nitrogen_main_handler
Checking nnote
Checking nnote_add_edit
Checking nnote_app
Checking nnote_sup
Checking getopt
Checking provider
Checking providers
Checking providers_topo
Checking element_table
Checking wf_security_policy
Checking action_click
Checking wf_render_elements
Checking validator_custom
Checking element_time
Checking element_checkbox
Checking n_utils
Checking wf_convert
Checking element_progress_bar
Checking element_image
Checking log_handler
Checking element_button
Checking element_range
Checking element_value
Checking sbw
Checking http_basic_auth_security_handler
Checking inets_simple_bridge
Checking nprocreg
Checking cache_handler
Checking simple_bridge_handler
Checking element_placeholder
Checking simple_bridge_multipart
Checking element_datepicker_textbox
Checking action_if_value
Checking default_log_handler
Checking element_delay_body
Checking element_radiogroup
Checking default_state_handler
Checking session_handler
Checking validator_confirm_same
Checking element_sync_panel
Checking n_dates
Checking action_redirect
Checking nnote
Checking element_email_link
Checking element_inplace_textarea
Checking index
Checking validator_is_number
Checking wf
Checking file_not_found_page
Checking element_bind
Checking action_remove_class
Checking nitro_cache
Checking security_handler
Checking role_handler
Checking element_inplace_textbox
Checking action_set
Checking ec_cmd_log
Checking action_appear
Checking action_api
Checking dynamic_route_handler
Checking element_hr
Checking element_function
Checking element_gravatar
Checking wf_core
Checking action_set_multiple
Checking notes
Checking action_function
Checking simple_bridge_websocket
Checking action_alert
Checking element_dropdown
Checking default_config_handler
Checking element_textbox
Checking action_before_postback
Checking action_toggle_option
Checking nitrogen_rest
Checking element_password
Checking validator_max_length
Checking action_js_fun
Checking element_video
Checking element_mermaid
Checking n_menus
Checking simple_bridge
Checking element_grid_960
Checking nindex
Checking element_file
Checking cowboy_simple_bridge_sup
Checking action_clear_validation
Checking mochiweb_simple_bridge_anchor
Checking element_textarea
Checking element_restful_submit
Checking postback_handler
Checking element_radio
Checking element_inplace
Checking action_event
Checking element_icon
Checking action_make_writable
Checking wf_utils
Checking element_droppable
Checking route_handler
Checking default_cache_handler
Checking element_label
Checking default_security_handler
Checking element_tablecell
Checking sb_uploaded_file
Checking element_grid
Checking wf_pickle
Checking query_handler
Checking element_youtube
Checking element_sortblock
Checking action_console_log
Checking action_validation_error
Checking element_google_chart
Checking action_animate
Checking action_hide
Checking default_websocket_handler
Checking element_list
Checking named_route_handler
Checking element_wizard
Checking action_remove_option
Checking action_comet
Checking action_wire
Checking action_buttonize
Checking action_open_window
Checking action_add_class
Checking action_disable_selection
Checking element_fieldset
Checking webmachine_simple_bridge_static
Checking element_restful_upload
Checking action_enable
Checking default_crash_handler
Checking action_slide_up
Checking validator_is_required
Checking wf_action_queue
Checking action_add_option
Checking nitro_cache_expirer
Checking element_calendar
Checking mochiweb_simple_bridge
Checking action_slide_down
Checking action_make_readonly
Checking webmachine_simple_bridge
Checking element_sortitem
Checking element_link
Checking validator_is_email
Checking action_fade
Checking element_draggable
Checking cowboy_simple_bridge
Checking element_restful_form
Checking config_handler
Checking element_template
Checking element_br
Checking element_upload
Checking wf_handler
Checking validator_js_custom
Checking element_textbox_autocomplete
Checking crash_handler
Checking action_if_checked
Checking login
Checking element_qr
Checking element_hidden
Checking element_date_dropdown
Checking action_continue
Checking element_literal
Checking nnote_add_edit
Checking element_listitem
Checking action_validate
Checking simple_bridge_util
Checking process_registry_handler
Checking action_jquery_effect
Checking providers
Checking gproc_registry_handler
Checking wf_test
Checking action_set_cookie
Checking element_tablerow
Checking passthrough_route_handler
Checking default_postback_handler
Checking element_tableheader
Checking n_common
Checking wf_cookies
Checking element_restful_reset
Checking action_show
Checking action_toggle
Checking debug_crash_handler
Checking wf_validation
Checking element_spinner
Checking wf_fastmap
Checking element_singlerow
Checking wf_render_actions
Checking n_apps
Checking wf_test_srv
Checking identity_handler
Checking default_query_handler
Checking canister
Checking action_disable
Checking validator_min_length
Checking canister_session_handler
Checking action_update
Checking wf_event
Checking action_effect
Checking wf_context
Checking element_lightbox
Checking wf_tags
Checking validator_confirm_password
Checking cowboy_request_server
Checking webmachine_simple_bridge_anchor
Checking simple_session_handler
Checking websocket_handler
Checking state_handler
Checking action_confirm
Checking nprocreg_registry_handler
Checking validator_is_integer
Checking element_flash
Checking element_basic_tag
Checking action_script
Checking wf_pandoc
Checking element_sparkline
Checking element_iframe
Checking yaws_simple_bridge
Checking element_recaptcha
Checking cow_base64url
Checking cow_cookie
Checking cow_date
Checking cow_hpack
Checking cow_http
Checking cow_http2
Checking cow_http2_machine
Checking cow_http_hd
Checking cow_http_struct_hd
Checking cow_http_te
Checking cow_iolists
Checking cow_link
Checking cow_mimetypes
Checking cow_multipart
Checking cow_qs
Checking cow_spdy
Checking cow_sse
Checking cow_uri
Checking cow_uri_template
Checking cow_ws
Checking cowboy_http
Checking cow_cookie
Checking cow_hpack
Checking cow_http
Checking cow_http_hd
Checking cow_http_struct_hd
Checking cow_http_te
Checking cow_link
Checking cow_multipart
Checking cow_spdy
Checking cow_uri_template
Checking erlpass
Checking localtime
Checking localtime_dst
Checking tz_index
Checking riak_dt_pb
Checking riak_kv_pb
Checking riak_pb
Checking riak_pb_codec
Checking riak_pb_dt_codec
Checking riak_pb_kv_codec
Checking riak_pb_messages
Checking riak_pb_search_codec
Checking riak_pb_ts_codec
Checking riak_search_pb
Checking riak_ts_pb
Checking riak_ttb_codec
Checking riak_yokozuna_pb
Checking riakc_counter
Checking riakc_datatype
Checking riakc_flag
Checking riakc_gset
Checking riakc_hll
Checking riakc_map
Checking riakc_obj
Checking riakc_pb_socket
Checking riakc_register
Checking riakc_set
Checking riakc_ts
Checking riakc_ts_get_operator
Checking riakc_ts_put_operator
Checking riakc_ts_query_operator
Checking riakc_utils
Checking localtime
Checking localtime_dst
Checking riak_dt_pb
Checking riak_kv_pb
Checking riak_pb
Checking riak_pb_codec
Checking riak_pb_dt_codec
Checking riak_pb_kv_codec
Checking riak_pb_search_codec
Checking riak_pb_ts_codec
Checking riak_search_pb
Checking riak_ts_pb
Checking riak_ttb_codec
Checking riak_yokozuna_pb
Checking riakc_obj
Checking riakc_pb_socket
Checking riakc_ts
Checking riakc_ts_get_operator
Checking riakc_ts_put_operator
Checking riakc_ts_query_operator
Checking index
/home/b3ta/Erlang/nnote/src/index.erl
Checking login
/home/b3ta/Erlang/nnote/src/n_access/login.erl
Checking notes
/home/b3ta/Erlang/nnote/src/n_api/notes.erl
Checking n_apps
/home/b3ta/Erlang/nnote/src/n_apps.erl
Checking account_db_mnesia
/home/b3ta/Erlang/nnote/src/n_dbs/account_db_mnesia.erl
Checking account_db_riak
/home/b3ta/Erlang/nnote/src/n_dbs/account_db_riak.erl
Checking n_mnesia
/home/b3ta/Erlang/nnote/src/n_dbs/n_mnesia.erl
Checking nnote_db_mnesia
/home/b3ta/Erlang/nnote/src/n_dbs/nnote_db_mnesia.erl
Checking nnote_db_riak
/home/b3ta/Erlang/nnote/src/n_dbs/nnote_db_riak.erl
Checking n_common
/home/b3ta/Erlang/nnote/src/n_libs/n_common.erl
Checking n_dates
/home/b3ta/Erlang/nnote/src/n_libs/n_dates.erl
Checking n_menus
/home/b3ta/Erlang/nnote/src/n_libs/n_menus.erl
Checking n_search
/home/b3ta/Erlang/nnote/src/n_libs/n_search.erl
Checking n_utils
/home/b3ta/Erlang/nnote/src/n_libs/n_utils.erl
Checking nindex
/home/b3ta/Erlang/nnote/src/nindex/nindex.erl
Checking nitrogen_main_handler
/home/b3ta/Erlang/nnote/src/nitrogen_main_handler.erl
Checking nnote
/home/b3ta/Erlang/nnote/src/nnote/nnote.erl
Checking nnote_add_edit
/home/b3ta/Erlang/nnote/src/nnote/nnote_add_edit.erl
Checking nnote_app
/home/b3ta/Erlang/nnote/src/nnote_app.erl
Checking nnote_sup
/home/b3ta/Erlang/nnote/src/nnote_sup.erl
Checking bcrypt
Checking bcrypt_app
Checking bcrypt_nif
Checking bcrypt_nif_pool_sup
Checking bcrypt_nif_worker
Checking bcrypt_pool
Checking bcrypt_port
Checking bcrypt_port_sup
Checking bcrypt_sup
Checking canister
Checking canister_app
Checking canister_config
Checking canister_exp
Checking canister_log
Checking canister_resync
Checking canister_sup
Checking canister_sync
Checking cf
Checking cf_term
Checking cowboy
Checking cowboy_app
Checking cowboy_bstr
Checking cowboy_children
Checking cowboy_clear
Checking cowboy_clock
Checking cowboy_compress_h
Checking cowboy_constraints
Checking cowboy_handler
Checking cowboy_http
Checking cowboy_http2
Checking cowboy_loop
Checking cowboy_metrics_h
Checking cowboy_middleware
Checking cowboy_req
Checking cowboy_rest
Checking cowboy_router
Checking cowboy_static
Checking cowboy_stream
Checking cowboy_stream_h
Checking cowboy_sub_protocol
Checking cowboy_sup
Checking cowboy_tls
Checking cowboy_tracer_h
Checking cowboy_websocket
Checking erlias
Checking ec_assoc_list
Checking ec_cmd_log
Checking ec_cnv
Checking ec_compile
Checking ec_date
Checking ec_dict
Checking ec_dictionary
Checking ec_file
Checking ec_gb_trees
Checking ec_git_vsn
Checking ec_lists
Checking ec_orddict
Checking ec_plists
Checking ec_rbdict
Checking ec_semver
Checking ec_semver_parser
Checking ec_talk
Checking ec_vsn
Checking mutagen
Checking mutagen_app
Checking mutagen_sup
Checking nitro_cache
Checking nitro_cache_app
Checking nitro_cache_expirer
Checking nitro_cache_sup
Checking action_add_class
Checking action_add_option
Checking action_alert
Checking action_animate
Checking action_api
Checking action_appear
Checking action_before_postback
Checking action_buttonize
Checking action_clear_validation
Checking action_click
Checking action_comet
Checking action_confirm
Checking action_console_log
Checking action_continue
Checking action_disable
Checking action_disable_selection
Checking action_effect
Checking action_enable
Checking action_event
Checking action_fade
Checking action_function
Checking action_hide
Checking action_if_checked
Checking action_if_value
Checking action_jquery_effect
Checking action_js_fun
Checking action_make_readonly
Checking action_make_writable
Checking action_open_window
Checking action_redirect
Checking action_remove_class
Checking action_remove_option
Checking action_script
Checking action_set
Checking action_set_cookie
Checking action_set_multiple
Checking action_show
Checking action_slide_down
Checking action_slide_up
Checking action_toggle
Checking action_toggle_option
Checking action_update
Checking action_validate
Checking action_validation_error
Checking action_wire
Checking element_button
Checking element_checkbox
Checking element_date_dropdown
Checking element_datepicker_textbox
Checking element_dropdown
Checking element_hidden
Checking element_inplace
Checking element_inplace_textarea
Checking element_inplace_textbox
Checking element_label
Checking element_password
Checking element_radio
Checking element_radiogroup
Checking element_range
Checking element_restful_form
Checking element_restful_reset
Checking element_restful_submit
Checking element_restful_upload
Checking element_textarea
Checking element_textbox
Checking element_textbox_autocomplete
Checking element_upload
Checking element_wizard
Checking element_basic_tag
Checking element_br
Checking element_email_link
Checking element_hr
Checking element_image
Checking element_link
Checking element_list
Checking element_listitem
Checking element_literal
Checking element_time
Checking element_value
Checking element_fieldset
Checking element_grid
Checking element_grid_960
Checking element_lightbox
Checking element_placeholder
Checking element_template
Checking element_bind
Checking element_calendar
Checking element_delay_body
Checking element_draggable
Checking element_droppable
Checking element_file
Checking element_flash
Checking element_function
Checking element_google_chart
Checking element_gravatar
Checking element_icon
Checking element_iframe
Checking element_mermaid
Checking element_progress_bar
Checking element_qr
Checking element_recaptcha
Checking element_sortblock
Checking element_sortitem
Checking element_sparkline
Checking element_spinner
Checking element_sync_panel
Checking element_video
Checking element_youtube
Checking element_singlerow
Checking element_table
Checking element_tablecell
Checking element_tableheader
Checking element_tablerow
Checking cache_handler
Checking default_cache_handler
Checking config_handler
Checking default_config_handler
Checking crash_handler
Checking debug_crash_handler
Checking default_crash_handler
Checking default_identity_handler
Checking identity_handler
Checking default_log_handler
Checking log_handler
Checking nitrogen_basic_handler
Checking nitrogen_standard_handler
Checking default_postback_handler
Checking postback_handler
Checking gproc_registry_handler
Checking nprocreg_registry_handler
Checking process_registry_handler
Checking default_query_handler
Checking query_handler
Checking default_role_handler
Checking role_handler
Checking dynamic_route_handler
Checking file_not_found_page
Checking named_route_handler
Checking nitrogen_rest
Checking nitrogen_smart_extensions
Checking passthrough_route_handler
Checking route_handler
Checking default_security_handler
Checking http_basic_auth_security_handler
Checking security_handler
Checking canister_session_handler
Checking session_handler
Checking simple_session_handler
Checking default_state_handler
Checking state_handler
Checking default_websocket_handler
Checking websocket_handler
Checking nitro_mochijson2
Checking nitro_mochinum
Checking wf_action_queue
Checking wf_context
Checking wf_convert
Checking wf_cookies
Checking wf_event
Checking wf_fastmap
Checking wf_fastmap_worker
Checking wf_grid_system
Checking wf_handler
Checking wf_pandoc
Checking wf_pickle
Checking wf_render_actions
Checking wf_render_elements
Checking wf_security_policy
Checking wf_tags
Checking wf_test
Checking wf_test_srv
Checking wf_utils
Checking wf_validation
Checking nitrogen
Checking nitrogen_dev
Checking validator_confirm_password
Checking validator_confirm_same
Checking validator_custom
Checking validator_is_email
Checking validator_is_integer
Checking validator_is_number
Checking validator_is_required
Checking validator_js_custom
Checking validator_max_length
Checking validator_min_length
Checking wf
Checking wf_core
Checking nprocreg
Checking nprocreg_app
Checking nprocreg_sup
Checking poolboy
Checking poolboy_sup
Checking poolboy_worker
Checking qdate
Checking qdate_app
Checking qdate_srv
Checking qdate_sup
Checking ranch
Checking ranch_acceptor
Checking ranch_acceptors_sup
Checking ranch_app
Checking ranch_conns_sup
Checking ranch_crc32c
Checking ranch_listener_sup
Checking ranch_protocol
Checking ranch_proxy_header
Checking ranch_server
Checking ranch_ssl
Checking ranch_sup
Checking ranch_tcp
Checking ranch_transport
Checking cowboy_request_server
Checking cowboy_simple_bridge
Checking cowboy_simple_bridge_anchor
Checking cowboy_simple_bridge_sup
Checking inets_simple_bridge
Checking inets_simple_bridge_anchor
Checking inets_simple_bridge_sup
Checking mochiweb_simple_bridge
Checking mochiweb_simple_bridge_anchor
Checking mochiweb_simple_bridge_sup
Checking sb_file_upload_handler
Checking sb_uploaded_file
Checking sbw
Checking simple_bridge
Checking simple_bridge_app
Checking simple_bridge_handler
Checking simple_bridge_handler_sample
Checking simple_bridge_multipart
Checking simple_bridge_util
Checking simple_bridge_websocket
Checking webmachine_simple_bridge
Checking webmachine_simple_bridge_anchor
Checking webmachine_simple_bridge_static
Checking webmachine_simple_bridge_sup
Checking yaws_simple_bridge
Checking yaws_simple_bridge_anchor
Checking yaws_simple_bridge_sup
Checking sync
Checking sync_notify
Checking sync_options
Checking sync_scanner
Checking sync_utils
Checking eqc_rebar
Checking eqc_rebar_prv
Checking pc
Checking pc_compilation
Checking pc_port_env
Checking pc_port_specs
Checking pc_prv_clean
Checking pc_prv_compile
Checking pc_util
Checking riak_pb_msgcodegen
Checking riak_pb_msgcodegen_prv
Checking ids
Checking index
Checking login
Checking notes
Checking n_apps
Checking account_db_mnesia
Checking account_db_riak
Checking n_mnesia
Checking nnote_db_mnesia
Checking nnote_db_riak
Checking n_common
Checking n_dates
Checking n_menus
Checking n_search
Checking n_utils
Checking nindex
Checking nitrogen_main_handler
Checking nnote
Checking nnote_add_edit
Checking nnote_app
Checking nnote_sup
Checking getopt
Checking provider
Checking providers
Checking providers_topo
Checking element_table
Checking wf_security_policy
Checking action_click
Checking wf_render_elements
Checking validator_custom
Checking element_time
Checking element_checkbox
Checking n_utils
Checking wf_convert
Checking element_progress_bar
Checking element_image
Checking log_handler
Checking element_button
Checking element_range
Checking element_value
Checking sbw
Checking http_basic_auth_security_handler
Checking inets_simple_bridge
Checking nprocreg
Checking cache_handler
Checking simple_bridge_handler
Checking element_placeholder
Checking simple_bridge_multipart
Checking element_datepicker_textbox
Checking action_if_value
Checking default_log_handler
Checking element_delay_body
Checking element_radiogroup
Checking default_state_handler
Checking session_handler
Checking validator_confirm_same
Checking element_sync_panel
Checking n_dates
Checking action_redirect
Checking nnote
Checking element_email_link
Checking element_inplace_textarea
Checking index
Checking validator_is_number
Checking wf
Checking file_not_found_page
Checking element_bind
Checking action_remove_class
Checking nitro_cache
Checking security_handler
Checking role_handler
Checking element_inplace_textbox
Checking action_set
Checking ec_cmd_log
Checking action_appear
Checking action_api
Checking dynamic_route_handler
Checking element_hr
Checking element_function
Checking element_gravatar
Checking wf_core
Checking action_set_multiple
Checking notes
Checking action_function
Checking simple_bridge_websocket
Checking action_alert
Checking element_dropdown
Checking default_config_handler
Checking element_textbox
Checking action_before_postback
Checking action_toggle_option
Checking nitrogen_rest
Checking element_password
Checking validator_max_length
Checking action_js_fun
Checking element_video
Checking element_mermaid
Checking n_menus
Checking simple_bridge
Checking element_grid_960
Checking nindex
Checking element_file
Checking cowboy_simple_bridge_sup
Checking action_clear_validation
Checking mochiweb_simple_bridge_anchor
Checking element_textarea
Checking element_restful_submit
Checking postback_handler
Checking element_radio
Checking element_inplace
Checking action_event
Checking element_icon
Checking action_make_writable
Checking wf_utils
Checking element_droppable
Checking route_handler
Checking default_cache_handler
Checking element_label
Checking default_security_handler
Checking element_tablecell
Checking sb_uploaded_file
Checking element_grid
Checking wf_pickle
Checking query_handler
Checking element_youtube
Checking element_sortblock
Checking action_console_log
Checking action_validation_error
Checking element_google_chart
Checking action_animate
Checking action_hide
Checking default_websocket_handler
Checking element_list
Checking named_route_handler
Checking element_wizard
Checking action_remove_option
Checking action_comet
Checking action_wire
Checking action_buttonize
Checking action_open_window
Checking action_add_class
Checking action_disable_selection
Checking element_fieldset
Checking webmachine_simple_bridge_static
Checking element_restful_upload
Checking action_enable
Checking default_crash_handler
Checking action_slide_up
Checking validator_is_required
Checking wf_action_queue
Checking action_add_option
Checking nitro_cache_expirer
Checking element_calendar
Checking mochiweb_simple_bridge
Checking action_slide_down
Checking action_make_readonly
Checking webmachine_simple_bridge
Checking element_sortitem
Checking element_link
Checking validator_is_email
Checking action_fade
Checking element_draggable
Checking cowboy_simple_bridge
Checking element_restful_form
Checking config_handler
Checking element_template
Checking element_br
Checking element_upload
Checking wf_handler
Checking validator_js_custom
Checking element_textbox_autocomplete
Checking crash_handler
Checking action_if_checked
Checking login
Checking element_qr
Checking element_hidden
Checking element_date_dropdown
Checking action_continue
Checking element_literal
Checking nnote_add_edit
Checking element_listitem
Checking action_validate
Checking simple_bridge_util
Checking process_registry_handler
Checking action_jquery_effect
Checking providers
Checking gproc_registry_handler
Checking wf_test
Checking action_set_cookie
Checking element_tablerow
Checking passthrough_route_handler
Checking default_postback_handler
Checking element_tableheader
Checking n_common
Checking wf_cookies
Checking element_restful_reset
Checking action_show
Checking action_toggle
Checking debug_crash_handler
Checking wf_validation
Checking element_spinner
Checking wf_fastmap
Checking element_singlerow
Checking wf_render_actions
Checking n_apps
Checking wf_test_srv
Checking identity_handler
Checking default_query_handler
Checking canister
Checking action_disable
Checking validator_min_length
Checking canister_session_handler
Checking action_update
Checking wf_event
Checking action_effect
Checking wf_context
Checking element_lightbox
Checking wf_tags
Checking validator_confirm_password
Checking cowboy_request_server
Checking webmachine_simple_bridge_anchor
Checking simple_session_handler
Checking websocket_handler
Checking state_handler
Checking action_confirm
Checking nprocreg_registry_handler
Checking validator_is_integer
Checking element_flash
Checking element_basic_tag
Checking action_script
Checking wf_pandoc
Checking element_sparkline
Checking element_iframe
Checking yaws_simple_bridge
Checking element_recaptcha
Checking cow_base64url
Checking cow_cookie
Checking cow_date
Checking cow_hpack
Checking cow_http
Checking cow_http2
Checking cow_http2_machine
Checking cow_http_hd
Checking cow_http_struct_hd
Checking cow_http_te
Checking cow_iolists
Checking cow_link
Checking cow_mimetypes
Checking cow_multipart
Checking cow_qs
Checking cow_spdy
Checking cow_sse
Checking cow_uri
Checking cow_uri_template
Checking cow_ws
Checking cowboy_http
Checking cow_cookie
Checking cow_hpack
Checking cow_http
Checking cow_http_hd
Checking cow_http_struct_hd
Checking cow_http_te
Checking cow_link
Checking cow_multipart
Checking cow_spdy
Checking cow_uri_template
/home/b3ta/Erlang/nnote/src/ids.erl
/home/b3ta/Erlang/nnote/src/ids.erl
Checking bcrypt
Checking bcrypt_app
Checking bcrypt_nif
Checking bcrypt_nif_pool_sup
Checking bcrypt_nif_worker
Checking bcrypt_pool
Checking bcrypt_port
Checking bcrypt_port_sup
Checking bcrypt_sup
Checking canister
Checking canister_app
Checking canister_config
Checking canister_exp
Checking canister_log
Checking canister_resync
Checking canister_sup
Checking canister_sync
Checking cf
Checking cf_term
Checking cowboy
Checking cowboy_app
Checking cowboy_bstr
Checking cowboy_children
Checking cowboy_clear
Checking cowboy_clock
Checking cowboy_compress_h
Checking cowboy_constraints
Checking cowboy_handler
Checking cowboy_http
Checking cowboy_http2
Checking cowboy_loop
Checking cowboy_metrics_h
Checking cowboy_middleware
Checking cowboy_req
Checking cowboy_rest
Checking cowboy_router
Checking cowboy_static
Checking cowboy_stream
Checking cowboy_stream_h
Checking cowboy_sub_protocol
Checking cowboy_sup
Checking cowboy_tls
Checking cowboy_tracer_h
Checking cowboy_websocket
Checking erlias
Checking ec_assoc_list
Checking ec_cmd_log
Checking ec_cnv
Checking ec_compile
Checking ec_date
Checking ec_dict
Checking ec_dictionary
Checking ec_file
Checking ec_gb_trees
Checking ec_git_vsn
Checking ec_lists
Checking ec_orddict
Checking ec_plists
Checking ec_rbdict
Checking ec_semver
Checking ec_semver_parser
Checking ec_talk
Checking ec_vsn
Checking mutagen
Checking mutagen_app
Checking mutagen_sup
Checking nitro_cache
Checking nitro_cache_app
Checking nitro_cache_expirer
Checking nitro_cache_sup
Checking action_add_class
Checking action_add_option
Checking action_alert
Checking action_animate
Checking action_api
Checking action_appear
Checking action_before_postback
Checking action_buttonize
Checking action_clear_validation
Checking action_click
Checking action_comet
Checking action_confirm
Checking action_console_log
Checking action_continue
Checking action_disable
Checking action_disable_selection
Checking action_effect
Checking action_enable
Checking action_event
Checking action_fade
Checking action_function
Checking action_hide
Checking action_if_checked
Checking action_if_value
Checking action_jquery_effect
Checking action_js_fun
Checking action_make_readonly
Checking action_make_writable
Checking action_open_window
Checking action_redirect
Checking action_remove_class
Checking action_remove_option
Checking action_script
Checking action_set
Checking action_set_cookie
Checking action_set_multiple
Checking action_show
Checking action_slide_down
Checking action_slide_up
Checking action_toggle
Checking action_toggle_option
Checking action_update
Checking action_validate
Checking action_validation_error
Checking action_wire
Checking element_button
Checking element_checkbox
Checking element_date_dropdown
Checking element_datepicker_textbox
Checking element_dropdown
Checking element_hidden
Checking element_inplace
Checking element_inplace_textarea
Checking element_inplace_textbox
Checking element_label
Checking element_password
Checking element_radio
Checking element_radiogroup
Checking element_range
Checking element_restful_form
Checking element_restful_reset
Checking element_restful_submit
Checking element_restful_upload
Checking element_textarea
Checking element_textbox
Checking element_textbox_autocomplete
Checking element_upload
Checking element_wizard
Checking element_basic_tag
Checking element_br
Checking element_email_link
Checking element_hr
Checking element_image
Checking element_link
Checking element_list
Checking element_listitem
Checking element_literal
Checking element_time
Checking element_value
Checking element_fieldset
Checking element_grid
Checking element_grid_960
Checking element_lightbox
Checking element_placeholder
Checking element_template
Checking element_bind
Checking element_calendar
Checking element_delay_body
Checking element_draggable
Checking element_droppable
Checking element_file
Checking element_flash
Checking element_function
Checking element_google_chart
Checking element_gravatar
Checking element_icon
Checking element_iframe
Checking element_mermaid
Checking element_progress_bar
Checking element_qr
Checking element_recaptcha
Checking element_sortblock
Checking element_sortitem
Checking element_sparkline
Checking element_spinner
Checking element_sync_panel
Checking element_video
Checking element_youtube
Checking element_singlerow
Checking element_table
Checking element_tablecell
Checking element_tableheader
Checking element_tablerow
Checking cache_handler
Checking default_cache_handler
Checking config_handler
Checking default_config_handler
Checking crash_handler
Checking debug_crash_handler
Checking default_crash_handler
Checking default_identity_handler
Checking identity_handler
Checking default_log_handler
Checking log_handler
Checking nitrogen_basic_handler
Checking nitrogen_standard_handler
Checking default_postback_handler
Checking postback_handler
Checking gproc_registry_handler
Checking nprocreg_registry_handler
Checking process_registry_handler
Checking default_query_handler
Checking query_handler
Checking default_role_handler
Checking role_handler
Checking dynamic_route_handler
Checking file_not_found_page
Checking named_route_handler
Checking nitrogen_rest
Checking nitrogen_smart_extensions
Checking passthrough_route_handler
Checking route_handler
Checking default_security_handler
Checking http_basic_auth_security_handler
Checking security_handler
Checking canister_session_handler
Checking session_handler
Checking simple_session_handler
Checking default_state_handler
Checking state_handler
Checking default_websocket_handler
Checking websocket_handler
Checking nitro_mochijson2
Checking nitro_mochinum
Checking wf_action_queue
Checking wf_context
Checking wf_convert
Checking wf_cookies
Checking wf_event
Checking wf_fastmap
Checking wf_fastmap_worker
Checking wf_grid_system
Checking wf_handler
Checking wf_pandoc
Checking wf_pickle
Checking wf_render_actions
Checking wf_render_elements
Checking wf_security_policy
Checking wf_tags
Checking wf_test
Checking wf_test_srv
Checking wf_utils
Checking wf_validation
Checking nitrogen
Checking nitrogen_dev
Checking validator_confirm_password
Checking validator_confirm_same
Checking validator_custom
Checking validator_is_email
Checking validator_is_integer
Checking validator_is_number
Checking validator_is_required
Checking validator_js_custom
Checking validator_max_length
Checking validator_min_length
Checking wf
Checking wf_core
Checking nprocreg
Checking nprocreg_app
Checking nprocreg_sup
Checking poolboy
Checking poolboy_sup
Checking poolboy_worker
Checking qdate
Checking qdate_app
Checking qdate_srv
Checking qdate_sup
Checking ranch
Checking ranch_acceptor
Checking ranch_acceptors_sup
Checking ranch_app
Checking ranch_conns_sup
Checking ranch_crc32c
Checking ranch_listener_sup
Checking ranch_protocol
Checking ranch_proxy_header
Checking ranch_server
Checking ranch_ssl
Checking ranch_sup
Checking ranch_tcp
Checking ranch_transport
Checking cowboy_request_server
Checking cowboy_simple_bridge
Checking cowboy_simple_bridge_anchor
Checking cowboy_simple_bridge_sup
Checking inets_simple_bridge
Checking inets_simple_bridge_anchor
Checking inets_simple_bridge_sup
Checking mochiweb_simple_bridge
Checking mochiweb_simple_bridge_anchor
Checking mochiweb_simple_bridge_sup
Checking sb_file_upload_handler
Checking sb_uploaded_file
Checking sbw
Checking simple_bridge
Checking simple_bridge_app
Checking simple_bridge_handler
Checking simple_bridge_handler_sample
Checking simple_bridge_multipart
Checking simple_bridge_util
Checking simple_bridge_websocket
Checking webmachine_simple_bridge
Checking webmachine_simple_bridge_anchor
Checking webmachine_simple_bridge_static
Checking webmachine_simple_bridge_sup
Checking yaws_simple_bridge
Checking yaws_simple_bridge_anchor
Checking yaws_simple_bridge_sup
Checking sync
Checking sync_notify
Checking sync_options
Checking sync_scanner
Checking sync_utils
Checking eqc_rebar
Checking eqc_rebar_prv
Checking pc
Checking pc_compilation
Checking pc_port_env
Checking pc_port_specs
Checking pc_prv_clean
Checking pc_prv_compile
Checking pc_util
Checking riak_pb_msgcodegen
Checking riak_pb_msgcodegen_prv
Checking ids
Checking index
Checking login
Checking notes
Checking n_apps
Checking account_db_mnesia
Checking account_db_riak
Checking n_mnesia
Checking nnote_db_mnesia
Checking nnote_db_riak
Checking n_common
Checking n_dates
Checking n_menus
Checking n_search
Checking n_utils
Checking nindex
Checking nitrogen_main_handler
Checking nnote
Checking nnote_add_edit
Checking nnote_app
Checking nnote_sup
Checking getopt
Checking provider
Checking providers
Checking providers_topo
Checking element_table
Checking wf_security_policy
Checking action_click
Checking wf_render_elements
Checking validator_custom
Checking element_time
Checking element_checkbox
Checking n_utils
Checking wf_convert
Checking element_progress_bar
Checking element_image
Checking log_handler
Checking element_button
Checking element_range
Checking element_value
Checking sbw
Checking http_basic_auth_security_handler
Checking inets_simple_bridge
Checking nprocreg
Checking cache_handler
Checking simple_bridge_handler
Checking element_placeholder
Checking simple_bridge_multipart
Checking element_datepicker_textbox
Checking action_if_value
Checking default_log_handler
Checking element_delay_body
Checking element_radiogroup
Checking default_state_handler
Checking session_handler
Checking validator_confirm_same
Checking element_sync_panel
Checking n_dates
Checking action_redirect
Checking nnote
Checking element_email_link
Checking element_inplace_textarea
Checking index
Checking validator_is_number
Checking wf
Checking file_not_found_page
Checking element_bind
Checking action_remove_class
Checking nitro_cache
Checking security_handler
Checking role_handler
Checking element_inplace_textbox
Checking action_set
Checking ec_cmd_log
Checking action_appear
Checking action_api
Checking dynamic_route_handler
Checking element_hr
Checking element_function
Checking element_gravatar
Checking wf_core
Checking action_set_multiple
Checking notes
Checking action_function
Checking simple_bridge_websocket
Checking action_alert
Checking element_dropdown
Checking default_config_handler
Checking element_textbox
Checking action_before_postback
Checking action_toggle_option
Checking nitrogen_rest
Checking element_password
Checking validator_max_length
Checking action_js_fun
Checking element_video
Checking element_mermaid
Checking n_menus
Checking simple_bridge
Checking element_grid_960
Checking nindex
Checking element_file
Checking cowboy_simple_bridge_sup
Checking action_clear_validation
Checking mochiweb_simple_bridge_anchor
Checking element_textarea
Checking element_restful_submit
Checking postback_handler
Checking element_radio
Checking element_inplace
Checking action_event
Checking element_icon
Checking action_make_writable
Checking wf_utils
Checking element_droppable
Checking route_handler
Checking default_cache_handler
Checking element_label
Checking default_security_handler
Checking element_tablecell
Checking sb_uploaded_file
Checking element_grid
Checking wf_pickle
Checking query_handler
Checking element_youtube
Checking element_sortblock
Checking action_console_log
Checking action_validation_error
Checking element_google_chart
Checking action_animate
Checking action_hide
Checking default_websocket_handler
Checking element_list
Checking named_route_handler
Checking element_wizard
Checking action_remove_option
Checking action_comet
Checking action_wire
Checking action_buttonize
Checking action_open_window
Checking action_add_class
Checking action_disable_selection
Checking element_fieldset
Checking webmachine_simple_bridge_static
Checking element_restful_upload
Checking action_enable
Checking default_crash_handler
Checking action_slide_up
Checking validator_is_required
Checking wf_action_queue
Checking action_add_option
Checking nitro_cache_expirer
Checking element_calendar
Checking mochiweb_simple_bridge
Checking action_slide_down
Checking action_make_readonly
Checking webmachine_simple_bridge
Checking element_sortitem
Checking element_link
Checking validator_is_email
Checking action_fade
Checking element_draggable
Checking cowboy_simple_bridge
Checking element_restful_form
Checking config_handler
Checking element_template
Checking element_br
Checking element_upload
Checking wf_handler
Checking validator_js_custom
Checking element_textbox_autocomplete
Checking crash_handler
Checking action_if_checked
Checking login
Checking element_qr
Checking element_hidden
Checking element_date_dropdown
Checking action_continue
Checking element_literal
Checking nnote_add_edit
Checking element_listitem
Checking action_validate
Checking simple_bridge_util
Checking process_registry_handler
Checking action_jquery_effect
Checking providers
Checking gproc_registry_handler
Checking wf_test
Checking action_set_cookie
Checking element_tablerow
Checking passthrough_route_handler
Checking default_postback_handler
Checking element_tableheader
Checking n_common
Checking wf_cookies
Checking element_restful_reset
Checking action_show
Checking action_toggle
Checking debug_crash_handler
Checking wf_validation
Checking element_spinner
Checking wf_fastmap
Checking element_singlerow
Checking wf_render_actions
Checking n_apps
Checking wf_test_srv
Checking identity_handler
Checking default_query_handler
Checking canister
Checking action_disable
Checking validator_min_length
Checking canister_session_handler
Checking action_update
Checking wf_event
Checking action_effect
Checking wf_context
Checking element_lightbox
Checking wf_tags
Checking validator_confirm_password
Checking cowboy_request_server
Checking webmachine_simple_bridge_anchor
Checking simple_session_handler
Checking websocket_handler
Checking state_handler
Checking action_confirm
Checking nprocreg_registry_handler
Checking validator_is_integer
Checking element_flash
Checking element_basic_tag
Checking action_script
Checking wf_pandoc
Checking element_sparkline
Checking element_iframe
Checking yaws_simple_bridge
Checking element_recaptcha
Checking cow_base64url
Checking cow_cookie
Checking cow_date
Checking cow_hpack
Checking cow_http
Checking cow_http2
Checking cow_http2_machine
Checking cow_http_hd
Checking cow_http_struct_hd
Checking cow_http_te
Checking cow_iolists
Checking cow_link
Checking cow_mimetypes
Checking cow_multipart
Checking cow_qs
Checking cow_spdy
Checking cow_sse
Checking cow_uri
Checking cow_uri_template
Checking cow_ws
Checking cowboy_http
Checking cow_cookie
Checking cow_hpack
Checking cow_http
Checking cow_http_hd
Checking cow_http_struct_hd
Checking cow_http_te
Checking cow_link
Checking cow_multipart
Checking cow_spdy
Checking cow_uri_template
Checking localtime
Checking localtime_dst
Checking tz_index
Checking localtime
Checking localtime_dst
